frame_path,joined_text,char_count,word_count,mean_conf,max_conf,text_area_fraction,auto_text_frame,manual_keep,manual_notes
data\raw_frames\nosferatu_1of5_20min_fps0_5\nosferatu_000001.png,1922 NOSFERATU Directed by W: MURNAU,30,5,0.8496,0.9999,0.23709,1,,
data\raw_frames\nosferatu_1of5_20min_fps0_5\nosferatu_000002.png,1922 NOSFERATU Directed by W: MURNAU,30,5,0.881,1.0,0.23819,1,,
data\raw_frames\nosferatu_1of5_20min_fps0_5\nosferatu_000003.png,1922 NOSFERATU Directed W: MURNAU by,30,5,0.8162,1.0,0.24243,1,,
data\raw_frames\nosferatu_1of5_20min_fps0_5\nosferatu_000004.png,1922 NOSFERATU Directed W: MURNAU by,30,5,0.7917,0.9998,0.23848,1,,
data\raw_frames\nosferatu_1of5_20min_fps0_5\nosferatu_000005.png,1922 NOSFERATU Directed by W MURNAU,30,5,0.9119,0.9989,0.23746,1,,
data\raw_frames\nosferatu_1of5_20min_fps0_5\nosferatu_000006.png,,0,0,0.0,0.0,0.0,0,,
data\raw_frames\nosferatu_1of5_20min_fps0_5\nosferatu_000007.png,BRAM STOKER HENRIK GALEEN WAGNER Duchon ALBIN GRAU by,45,9,0.9231,0.9998,0.31388,1,,
data\raw_frames\nosferatu_1of5_20min_fps0_5\nosferatu_000008.png,From the novel by BRAM STOKER Adaptation by. HENRIK GALEEN Photographed WAGNER Art Direction by ALBIN GRAU by,91,18,0.9032,1.0,0.54213,1,,
data\raw_frames\nosferatu_1of5_20min_fps0_5\nosferatu_000009.png,From the novel by BRAM STOKER Adaptation by. HENRIK GALEEN Photographed by WAGNER Art Direction by ALBIN GRAU,91,18,0.9162,1.0,0.52879,1,,
data\raw_frames\nosferatu_1of5_20min_fps0_5\nosferatu_000010.png,From the BRAM STOKER Adaptation HENRIK GALEEN Photographed by A. WAGNER Art Direction by ALBIN GRAU novel by by,92,18,0.9213,1.0,0.56568,1,,
data\raw_frames\nosferatu_1of5_20min_fps0_5\nosferatu_000011.png,From the novel by BRAM STOKER Adaptation by. HENRIK GALEEN Photographed by WAGNER Art Direction by ALBIN GRAU,91,18,0.9301,1.0,0.5463,1,,
data\raw_frames\nosferatu_1of5_20min_fps0_5\nosferatu_000012.png,From the BRAM STOKER Adaptation by. HENRIK GALEEN Photographed WAGNER Art Direction by ALBIN GRAU novel by by,91,18,0.9029,1.0,0.53714,1,,
data\raw_frames\nosferatu_1of5_20min_fps0_5\nosferatu_000013.png,From the novel BRAM STOKER Adaptation by HENRIK GALEEN Photographed by WAGNER Art Direction by ALBIN GRAU by,91,18,0.9586,1.0,0.52718,1,,
data\raw_frames\nosferatu_1of5_20min_fps0_5\nosferatu_000014.png,From the by BRAM STOKER Adaptation by HENRIK GALEEN Photographed WAGNER Art Direction by ALBIN GRAU novel by,91,18,0.9157,0.9998,0.54367,1,,
data\raw_frames\nosferatu_1of5_20min_fps0_5\nosferatu_000015.png,,0,0,0.0,0.0,0.0,0,,
data\raw_frames\nosferatu_1of5_20min_fps0_5\nosferatu_000016.png,"CAST Count Dracula, the vampire Max Schreck Rentield, an estale agent Alexander Granach Jonathon Harker , Renfield $ clerk Gustav von Wangenheim",119,20,0.916,0.9997,0.40203,1,,
data\raw_frames\nosferatu_1of5_20min_fps0_5\nosferatu_000017.png,"CAST Count Dracula, the Max Schreck Renfield, an estate agent Alexander Granach Jonathon Harker , Renfield $ clerk Gustav von Wangenheim vampire",119,20,0.8483,0.9999,0.40919,1,,
data\raw_frames\nosferatu_1of5_20min_fps0_5\nosferatu_000018.png,"CAST Count Dracula, the vampire Max Schreck Renfield, an estate agent Alexander Granach Jonathon Harker , Renfield $ clerk Gustav von Wangenheim",119,20,0.8352,0.9986,0.42717,1,,
data\raw_frames\nosferatu_1of5_20min_fps0_5\nosferatu_000019.png,"CAST Count Dracula, the Max Schreck Renfield, an estate agent Alexander Granach Jonathon Harker , Renfield $ clerk Gustav von Wangenheim vampire",119,20,0.943,0.9998,0.42024,1,,
data\raw_frames\nosferatu_1of5_20min_fps0_5\nosferatu_000020.png,"CAST Count Dracula, the vampire Max Schreck Renfield , an estate agent Alexander Granach Jonathon Harker , Renfield $ clerk _ Gustav von Wangenhoim",119,20,0.8588,0.9977,0.42858,1,,
data\raw_frames\nosferatu_1of5_20min_fps0_5\nosferatu_000021.png,"CAST Count Dracula, the Max Schreck Renfield, an estate agent Alexander Granach Jonathon Harker , Renfield $ clerk Gustav von Wangenheim vampire",119,20,0.8952,0.9998,0.41609,1,,
data\raw_frames\nosferatu_1of5_20min_fps0_5\nosferatu_000022.png,"CAS T Count Dracula, the Max Schreck Renfield , an estate agent Alexander Granach Jonathon Harker , Renfield $ dlerk Gustav von Wangenheim Nina , his wife Greta Schroeder vampire",144,25,0.7813,0.9994,0.45479,1,,
data\raw_frames\nosferatu_1of5_20min_fps0_5\nosferatu_000023.png,"Count Dracula, the vampire Max Schreck Renfield, an estate agent Alexander Granach Jonathon Harker , Renfield $ clerk Gustav von Wangenheim his wife Greta Schroeder Nina,",140,24,0.8903,0.9979,0.46612,1,,
data\raw_frames\nosferatu_1of5_20min_fps0_5\nosferatu_000024.png,"Count Dracula, the Max Schreck Renfield , an estate agent Alexander Granach Jonathon Harker , Renfield $ clerk Gustav von Wangenheim Nina, his wife Greta Schroeder Weclenro Harker < {riend vampire",159,27,0.8097,0.9989,0.49679,1,,
data\raw_frames\nosferatu_1of5_20min_fps0_5\nosferatu_000025.png,"Count Dracula, the Max Schreck Renfield, an estate agent Alexander Granach Jonathon Harker , Renfields clerk Gustav von Wangenheim his wife Greta Schroeder Westenra, Harker' $ friend vampire Nino,",161,27,0.8463,0.9998,0.5163,1,,
data\raw_frames\nosferatu_1of5_20min_fps0_5\nosferatu_000026.png,"Max Schreck Renfield , an estate agent Alexander Granach Jonathon Harker , Renfield s clerk Gustav von Wangenheim his wife Greta Schroeder Westenra, Harker $ friend G H Scholl Nino,",147,24,0.8364,1.0,0.48006,1,,
data\raw_frames\nosferatu_1of5_20min_fps0_5\nosferatu_000027.png,"Renfield, an estate agent Alexander Granach Jonathon Harker , Renfield $ clerk Gustav von Wangenheim his wife Greta Schroodor Westenra, Harker $ friend G.H, Schell Nino,",136,22,0.8007,0.9994,0.42514,1,,
data\raw_frames\nosferatu_1of5_20min_fps0_5\nosferatu_000028.png,"Renfield, an estate agent Alexander Granach Jonathon Harker , Renfield$ clerk Gustav von Wangenheim Nina, his wife Greta Schroeder Westenra, Harker' $ friend G.H Scholl his wife Ruth Londshoff Lucy,",160,27,0.8065,0.9997,0.51605,1,,
data\raw_frames\nosferatu_1of5_20min_fps0_5\nosferatu_000029.png,"Alexander Granach Jonathon Harker , Renfield s dlerk Gustav von Wangenheim Nina, his wife Greta Schroeder Westenra, Harker' $ friend G H. Schell his wife Ruth Landshoff Lucy,",140,23,0.8313,0.9989,0.43934,1,,
data\raw_frames\nosferatu_1of5_20min_fps0_5\nosferatu_000030.png,"Alexander Granach Jonathon Harker , Renfield $ clerk Gustav von Wangenheim his wife Greta Schroeder Westenra, Harker $ friend G H Schell his wife Ruth Landshoff The Professor John Goltowt Nino, Lucy,",162,27,0.8421,0.9997,0.47569,1,,
data\raw_frames\nosferatu_1of5_20min_fps0_5\nosferatu_000031.png,"Jonathon Harker , Renfield $ derk Gustav von Wangenheim Nina, his wife Greta Schroeder Westenra, Harker $ friend G.H. Schell his wife Ruth Landshoff The Professor John Golowt Lucy,",144,25,0.8368,0.9897,0.44518,1,,
data\raw_frames\nosferatu_1of5_20min_fps0_5\nosferatu_000032.png,"Jonathon Harker , Rennield $ clerk Gustav von Wangenheim his wife Greta Schroedor Westenra, Harker' $ triend G.H Schell his wife Ruth Landshoff The Professor John Gotowt The Town Doctor Gustav Botz Nino, Lucy,",168,30,0.8377,0.9998,0.49144,1,,
data\raw_frames\nosferatu_1of5_20min_fps0_5\nosferatu_000033.png,"Gustav von Wangenhoim his wife Greta Schroedor Westenra, Harker $ triend G H, Scholl his wife Ruth Landshoff The Professor John Gottowt The Town Doctor Gustav Bolz Nino, Lucy,",142,26,0.8347,0.994,0.42507,1,,
data\raw_frames\nosferatu_1of5_20min_fps0_5\nosferatu_000034.png,"Nina, his wife Greta Schroeder Westenra, Harker $ friend G H, Schell his wife Ruth Landshoff The Professor John Gottowt The Town Doctor Gustav Bolz Captain of the 'Demeter Lucy,",142,27,0.8183,0.998,0.425,1,,
data\raw_frames\nosferatu_1of5_20min_fps0_5\nosferatu_000035.png,"Nina, his wife Greta Schroodor Westenra, Harker' $ friend GH. Scholl his wife Ruth Landshoff The Professor John Golowt The Town Doctor Gustav Bolz Captain of the 'Demeter"" Max Nemetz Lucy,",150,30,0.8039,0.9873,0.45451,1,,
data\raw_frames\nosferatu_1of5_20min_fps0_5\nosferatu_000036.png,"Westenra, Harker $ friend G H. Scholl his wife Ruth Landshoff The Professor John Goltowt The Town Doctor Gustav Botz Captain of the 'Demeter Max Nemelz Lucy,",126,24,0.7943,0.9924,0.37856,1,,
data\raw_frames\nosferatu_1of5_20min_fps0_5\nosferatu_000037.png,"Westenra, Harker $ friend H Scholl his wife Ruth Landshoff The Professor John Goltowt The Town Doctor Gustav Bolz tain of the 'Demeter Max Nemotz First Mate Wolfaang Heinz Lucy, Capl",148,29,0.8194,0.9996,0.45286,1,,
data\raw_frames\nosferatu_1of5_20min_fps0_5\nosferatu_000038.png,"G H Scholl his wife Ruth Landshoff The Professor John Goltowt The Town Doctor Gustav Bolz Captain of the Demeter Max Nemotz First Mate Heinz Lucy, Wolfgang",128,25,0.8787,1.0,0.39398,1,,
data\raw_frames\nosferatu_1of5_20min_fps0_5\nosferatu_000039.png,"G.H. Schell his wife Ruth Landshoff The Professor John Goltowt The Town Doctor Gustav Botz Captain of the Demeter Max Nemetz First Mate Wolfgang Heinz Lucy,",128,25,0.8491,0.9992,0.3818,1,,
data\raw_frames\nosferatu_1of5_20min_fps0_5\nosferatu_000040.png,"GH, Schell his wile Ruth Landshoff The Professor John Golowt The Town Doctor Gustav Botz Captain of the Demeter Max Nemetz First Mate Heinz Lucy, Wolfgang",127,26,0.8644,0.9989,0.39125,1,,
data\raw_frames\nosferatu_1of5_20min_fps0_5\nosferatu_000041.png,"G H Schell his wife Ruth Landshoff The Professor John Goltowt The Town Doctor Gustav Botz Captain of the Demeter Max Nomolz First Male Heinz Lucy, Wolfgang",128,25,0.8057,0.9995,0.39114,1,,
data\raw_frames\nosferatu_1of5_20min_fps0_5\nosferatu_000042.png,"Scholl his wife Ruth Landshoff The Professor John Goltowt The Town Doctor Gustav Botz Captain of the Demeter Max Nemelz First Mate Hoinz Lucy, Wolfgang",126,25,0.8527,0.9998,0.37856,1,,
data\raw_frames\nosferatu_1of5_20min_fps0_5\nosferatu_000043.png,"G H, Schell his wife Ruth Landshoff The Professor John Goltowt The Town Doctor Gustav Botz Captain of the Demeter Max Nemotz First Mate Heinz Lucy, Wolfgang",128,25,0.8332,0.9999,0.39681,1,,
data\raw_frames\nosferatu_1of5_20min_fps0_5\nosferatu_000044.png,"GH Schell his wife Ruth Landshoff The Professor John Goltowt The Town Doctor Gustav Bolz tain of the 'Demeter Max Nemetz First Mate Heinz Lucy, Capl Wolfgang",129,27,0.829,0.9992,0.40663,1,,
data\raw_frames\nosferatu_1of5_20min_fps0_5\nosferatu_000045.png,,0,0,0.0,0.0,0.0,0,,
data\raw_frames\nosferatu_1of5_20min_fps0_5\nosferatu_000046.png,,0,0,0.0,0.0,0.0,0,,
data\raw_frames\nosferatu_1of5_20min_fps0_5\nosferatu_000047.png,"From the of Johann Cava able historian ofhis native of Bremen: 'Nosteratu! That name alone can chill the blood! 'Nosteratu! Was it he who brought the plague to Bremen in 18382' Illius, diary city",154,34,0.8539,0.9999,0.61122,1,,
data\raw_frames\nosferatu_1of5_20min_fps0_5\nosferatu_000048.png,"From the of Johann Cava= able historian of his native of Bremen: 'Nosferatu! That name alone can chill the bloodi 'Nosferatu! Was it he who brought the plague to Bremen in 18382' diary Illius, city",155,35,0.8571,1.0,0.62019,1,,
data\raw_frames\nosferatu_1of5_20min_fps0_5\nosferatu_000049.png,"From the of Johann Caval able historian of his native of Bremen: 'Nosferatu! That name lone can chill the bloodl 'Nosferatu! Was it he who brought the plague to Bremen in 18382' diary Illius, city",155,35,0.8694,1.0,0.61357,1,,
data\raw_frames\nosferatu_1of5_20min_fps0_5\nosferatu_000050.png,"From the of Johann Cavab able historian of his native of Bremen: 'Nosteratu! That name lone can chill the blood! 'Nosferatu! Was if he who brought the plague to Bremen in 18382' diary llius, city",153,35,0.8362,1.0,0.61115,1,,
data\raw_frames\nosferatu_1of5_20min_fps0_5\nosferatu_000051.png,"From the of Johann Caval able historian of his native of Bremen: 'Nosferatu! That name alone can chill the blood! 'Nosferatu! Was it he who brought the plague to Bremen in 18382' diary Jllius, city",155,35,0.8588,0.9999,0.62154,1,,
data\raw_frames\nosferatu_1of5_20min_fps0_5\nosferatu_000052.png,"From the of Johann Cavallius, able historian of Bremen: 'Nosteratu! That name lone can chill the blood! 'Nosferatu! Was it he who brought the plague to Bremen in 18382' diary city",141,31,0.852,0.9999,0.5977,1,,
data\raw_frames\nosferatu_1of5_20min_fps0_5\nosferatu_000053.png,"From the of Johann Cavab able historian of his native of Bremen: 'Nosteratu! That name alone can chill the bloodi 'Nosferatu! Was it he who brought the plague to Bremen in18382' diary llius, city",155,34,0.9224,1.0,0.6197,1,,
data\raw_frames\nosferatu_1of5_20min_fps0_5\nosferatu_000054.png,"From the of Johann Cavae able historian of his native city of Bremen: 'Nosferatu! That name lone can chill the blood! 'Nosferatu! Was it he who brought the plague to Bremen in 18382' diary Illius,",154,35,0.8534,0.9999,0.60478,1,,
data\raw_frames\nosferatu_1of5_20min_fps0_5\nosferatu_000055.png,"From the of Johann Caval able historian ofhis native of Bremen: 'Nosteratu! That name lone can chill the blood! 'Nosferatu! Was it he who brought the plague to Bremen in 18382' diary llius, city",153,34,0.901,1.0,0.61105,1,,
data\raw_frames\nosferatu_1of5_20min_fps0_5\nosferatu_000056.png,"From the of Johann Caval able historian ofhis native of Bremen: 'Nosteratu! That name lone can chill the blood! 'Nosferatu! Was it he who brought the plague to Bremen in 18382' diary llius, city",153,34,0.9096,1.0,0.61999,1,,
data\raw_frames\nosferatu_1of5_20min_fps0_5\nosferatu_000057.png,,0,0,0.0,0.0,0.0,0,,
data\raw_frames\nosferatu_1of5_20min_fps0_5\nosferatu_000058.png,"'Ihave the causes of that terrible epidem and tound at its origin its climax the innocent of Jonathon Harker and his young Nina sought long ic, and figures wife,",130,29,0.881,0.9999,0.51508,1,,
data\raw_frames\nosferatu_1of5_20min_fps0_5\nosferatu_000059.png,"'Ihave the causes of that terrible epidemi and found at its origin and its climax the innocent of Jonathon Harker and his young wife, Nina' sought long 1ic, figures",132,29,0.8535,0.998,0.53245,1,,
data\raw_frames\nosferatu_1of5_20min_fps0_5\nosferatu_000060.png,"'Ihave the causes of that terrible epidemi tound at its origin its climax the innocent of Jonathon Harker and his young Nina sought long ic, and and figures wife,",131,29,0.8973,1.0,0.51946,1,,
data\raw_frames\nosferatu_1of5_20min_fps0_5\nosferatu_000061.png,"'Ihave the causes of that terrible epidemic, and found at its origin and its climax the innocent of Jonathon Harker and his young wife, Nina sought long figures",130,28,0.8906,0.9995,0.52541,1,,
data\raw_frames\nosferatu_1of5_20min_fps0_5\nosferatu_000062.png,"'Ihave the causes of that terrible epidem and found at its origin and its climax the innocent of Jonathon Harker and his young Nina sought long figures wife,",128,28,0.9082,1.0,0.50042,1,,
data\raw_frames\nosferatu_1of5_20min_fps0_5\nosferatu_000063.png,"'Ihave the causes of that terrible epidem and found at its origin and its climax the innocent of Jonathon Harker and his young Nina sought long iic, figures wife,",131,29,0.849,1.0,0.50295,1,,
data\raw_frames\nosferatu_1of5_20min_fps0_5\nosferatu_000064.png,"'have the causes of that terrible epidemi and found at its origin its climax the innocent of Jonathon Harker and his young Nina' sought long 1ic, and figures wife,",131,29,0.8573,1.0,0.51294,1,,
data\raw_frames\nosferatu_1of5_20min_fps0_5\nosferatu_000065.png,"'Thave the causes of that terrible epidem and found at its origin and its climax the innocent of Jonathon Harker and his young Nina' sought long figures wife,",128,28,0.8918,1.0,0.49218,1,,
data\raw_frames\nosferatu_1of5_20min_fps0_5\nosferatu_000066.png,"'Ihave the causes of that terrible epidem) and found at its origin and its climax the innocent of Jonathon Harker his young wife, Nina: sought long figures and",128,28,0.8518,1.0,0.50095,1,,
data\raw_frames\nosferatu_1of5_20min_fps0_5\nosferatu_000067.png,"'Ihave the causes of that terrible epidemi and found at its origin its climax the innocent of Jonathon Harker and his young Nina sought long ic, and figures wife,",131,29,0.9053,0.9998,0.51415,1,,
data\raw_frames\nosferatu_1of5_20min_fps0_5\nosferatu_000068.png,,0,0,0.0,0.0,0.0,0,,
data\raw_frames\nosferatu_1of5_20min_fps0_5\nosferatu_000069.png,,0,0,0.0,0.0,0.0,0,,
data\raw_frames\nosferatu_1of5_20min_fps0_5\nosferatu_000070.png,,0,0,0.0,0.0,0.0,0,,
data\raw_frames\nosferatu_1of5_20min_fps0_5\nosferatu_000071.png,,0,0,0.0,0.0,0.0,0,,
data\raw_frames\nosferatu_1of5_20min_fps0_5\nosferatu_000072.png,,0,0,0.0,0.0,0.0,0,,
data\raw_frames\nosferatu_1of5_20min_fps0_5\nosferatu_000073.png,,0,0,0.0,0.0,0.0,0,,
data\raw_frames\nosferatu_1of5_20min_fps0_5\nosferatu_000074.png,,0,0,0.0,0.0,0.0,0,,
data\raw_frames\nosferatu_1of5_20min_fps0_5\nosferatu_000075.png,,0,0,0.0,0.0,0.0,0,,
data\raw_frames\nosferatu_1of5_20min_fps0_5\nosferatu_000076.png,,0,0,0.0,0.0,0.0,0,,
data\raw_frames\nosferatu_1of5_20min_fps0_5\nosferatu_000077.png,,0,0,0.0,0.0,0.0,0,,
data\raw_frames\nosferatu_1of5_20min_fps0_5\nosferatu_000078.png,,0,0,0.0,0.0,0.0,0,,
data\raw_frames\nosferatu_1of5_20min_fps0_5\nosferatu_000079.png,,0,0,0.0,0.0,0.0,0,,
data\raw_frames\nosferatu_1of5_20min_fps0_5\nosferatu_000080.png,,0,0,0.0,0.0,0.0,0,,
data\raw_frames\nosferatu_1of5_20min_fps0_5\nosferatu_000081.png,,0,0,0.0,0.0,0.0,0,,
data\raw_frames\nosferatu_1of5_20min_fps0_5\nosferatu_000082.png,,0,0,0.0,0.0,0.0,0,,
data\raw_frames\nosferatu_1of5_20min_fps0_5\nosferatu_000083.png,,0,0,0.0,0.0,0.0,0,,
data\raw_frames\nosferatu_1of5_20min_fps0_5\nosferatu_000084.png,,0,0,0.0,0.0,0.0,0,,
data\raw_frames\nosferatu_1of5_20min_fps0_5\nosferatu_000085.png,,0,0,0.0,0.0,0.0,0,,
data\raw_frames\nosferatu_1of5_20min_fps0_5\nosferatu_000086.png,,0,0,0.0,0.0,0.0,0,,
data\raw_frames\nosferatu_1of5_20min_fps0_5\nosferatu_000087.png,,0,0,0.0,0.0,0.0,0,,
data\raw_frames\nosferatu_1of5_20min_fps0_5\nosferatu_000088.png,,0,0,0.0,0.0,0.0,0,,
data\raw_frames\nosferatu_1of5_20min_fps0_5\nosferatu_000089.png,,0,0,0.0,0.0,0.0,0,,
data\raw_frames\nosferatu_1of5_20min_fps0_5\nosferatu_000090.png,,0,0,0.0,0.0,0.0,0,,
data\raw_frames\nosferatu_1of5_20min_fps0_5\nosferatu_000091.png,,0,0,0.0,0.0,0.0,0,,
data\raw_frames\nosferatu_1of5_20min_fps0_5\nosferatu_000092.png,,0,0,0.0,0.0,0.0,0,,
data\raw_frames\nosferatu_1of5_20min_fps0_5\nosferatu_000093.png,,0,0,0.0,0.0,0.0,0,,
data\raw_frames\nosferatu_1of5_20min_fps0_5\nosferatu_000094.png,,0,0,0.0,0.0,0.0,0,,
data\raw_frames\nosferatu_1of5_20min_fps0_5\nosferatu_000095.png,,0,0,0.0,0.0,0.0,0,,
data\raw_frames\nosferatu_1of5_20min_fps0_5\nosferatu_000096.png,,0,0,0.0,0.0,0.0,0,,
data\raw_frames\nosferatu_1of5_20min_fps0_5\nosferatu_000097.png,,0,0,0.0,0.0,0.0,0,,
data\raw_frames\nosferatu_1of5_20min_fps0_5\nosferatu_000098.png,,0,0,0.0,0.0,0.0,0,,
data\raw_frames\nosferatu_1of5_20min_fps0_5\nosferatu_000099.png,,0,0,0.0,0.0,0.0,0,,
data\raw_frames\nosferatu_1of5_20min_fps0_5\nosferatu_000100.png,,0,0,0.0,0.0,0.0,0,,
data\raw_frames\nosferatu_1of5_20min_fps0_5\nosferatu_000101.png,,0,0,0.0,0.0,0.0,0,,
data\raw_frames\nosferatu_1of5_20min_fps0_5\nosferatu_000102.png,,0,0,0.0,0.0,0.0,0,,
data\raw_frames\nosferatu_1of5_20min_fps0_5\nosferatu_000103.png,,0,0,0.0,0.0,0.0,0,,
data\raw_frames\nosferatu_1of5_20min_fps0_5\nosferatu_000104.png,,0,0,0.0,0.0,0.0,0,,
data\raw_frames\nosferatu_1of5_20min_fps0_5\nosferatu_000105.png,,0,0,0.0,0.0,0.0,0,,
data\raw_frames\nosferatu_1of5_20min_fps0_5\nosferatu_000106.png,,0,0,0.0,0.0,0.0,0,,
data\raw_frames\nosferatu_1of5_20min_fps0_5\nosferatu_000107.png,,0,0,0.0,0.0,0.0,0,,
data\raw_frames\nosferatu_1of5_20min_fps0_5\nosferatu_000108.png,,0,0,0.0,0.0,0.0,0,,
data\raw_frames\nosferatu_1of5_20min_fps0_5\nosferatu_000109.png,,0,0,0.0,0.0,0.0,0,,
data\raw_frames\nosferatu_1of5_20min_fps0_5\nosferatu_000110.png,,0,0,0.0,0.0,0.0,0,,
data\raw_frames\nosferatu_1of5_20min_fps0_5\nosferatu_000111.png,,0,0,0.0,0.0,0.0,0,,
data\raw_frames\nosferatu_1of5_20min_fps0_5\nosferatu_000112.png,,0,0,0.0,0.0,0.0,0,,
data\raw_frames\nosferatu_1of5_20min_fps0_5\nosferatu_000113.png,,0,0,0.0,0.0,0.0,0,,
data\raw_frames\nosferatu_1of5_20min_fps0_5\nosferatu_000114.png,,0,0,0.0,0.0,0.0,0,,
data\raw_frames\nosferatu_1of5_20min_fps0_5\nosferatu_000115.png,,0,0,0.0,0.0,0.0,0,,
data\raw_frames\nosferatu_1of5_20min_fps0_5\nosferatu_000116.png,,0,0,0.0,0.0,0.0,0,,
data\raw_frames\nosferatu_1of5_20min_fps0_5\nosferatu_000117.png,"young You cant escape destiny by running Wait,",38,8,0.9241,1.0,0.1744,1,,
data\raw_frames\nosferatu_1of5_20min_fps0_5\nosferatu_000118.png,Wait; young man: cant escape destiny running You by,41,9,0.7634,1.0,0.20264,1,,
data\raw_frames\nosferatu_1of5_20min_fps0_5\nosferatu_000119.png,"young man: cant escape destiny running Wait, You bY",41,9,0.8317,1.0,0.19549,1,,
data\raw_frames\nosferatu_1of5_20min_fps0_5\nosferatu_000120.png,"young man: You cantt escape destiny by running away . Wait,",46,10,0.9189,1.0,0.19269,1,,
data\raw_frames\nosferatu_1of5_20min_fps0_5\nosferatu_000121.png,"young Man: You can t escape destiny running away . Wait, by",45,10,0.8084,1.0,0.20932,1,,
data\raw_frames\nosferatu_1of5_20min_fps0_5\nosferatu_000122.png,,0,0,0.0,0.0,0.0,0,,
data\raw_frames\nosferatu_1of5_20min_fps0_5\nosferatu_000123.png,,0,0,0.0,0.0,0.0,0,,
data\raw_frames\nosferatu_1of5_20min_fps0_5\nosferatu_000124.png,,0,0,0.0,0.0,0.0,0,,
data\raw_frames\nosferatu_1of5_20min_fps0_5\nosferatu_000125.png,,0,0,0.0,0.0,0.0,0,,
data\raw_frames\nosferatu_1of5_20min_fps0_5\nosferatu_000126.png,"'The agent Renfield strange man, and there were unpleasant rumours about him",63,12,0.9677,1.0,0.23474,1,,
data\raw_frames\nosferatu_1of5_20min_fps0_5\nosferatu_000127.png,"The agent Renfield strange man, and there were unpleasant rumours about him:'",63,12,0.8927,1.0,0.23541,1,,
data\raw_frames\nosferatu_1of5_20min_fps0_5\nosferatu_000128.png,"The agent Renfield waS strange man, and there were unpleasant rumours about him:'",66,13,0.857,1.0,0.24129,1,,
data\raw_frames\nosferatu_1of5_20min_fps0_5\nosferatu_000129.png,"The agent Renfield strange man, and there were unpleasant rumours about him'",63,12,0.9039,0.9999,0.23384,1,,
data\raw_frames\nosferatu_1of5_20min_fps0_5\nosferatu_000130.png,"'The agent Renfield strange man, and there were unpleasant rumours about him'",63,12,0.9473,0.9995,0.24052,1,,
data\raw_frames\nosferatu_1of5_20min_fps0_5\nosferatu_000131.png,"The agent Renfield strange man, and there were unpleasant rumours about him'",63,12,0.8856,0.9999,0.23681,1,,
data\raw_frames\nosferatu_1of5_20min_fps0_5\nosferatu_000132.png,,0,0,0.0,0.0,0.0,0,,
data\raw_frames\nosferatu_1of5_20min_fps0_5\nosferatu_000133.png,,0,0,0.0,0.0,0.0,0,,
data\raw_frames\nosferatu_1of5_20min_fps0_5\nosferatu_000134.png,,0,0,0.0,0.0,0.0,0,,
data\raw_frames\nosferatu_1of5_20min_fps0_5\nosferatu_000135.png,Ti',2,1,0.4441,0.4441,0.01717,0,,
data\raw_frames\nosferatu_1of5_20min_fps0_5\nosferatu_000136.png,,0,0,0.0,0.0,0.0,0,,
data\raw_frames\nosferatu_1of5_20min_fps0_5\nosferatu_000137.png,,0,0,0.0,0.0,0.0,0,,
data\raw_frames\nosferatu_1of5_20min_fps0_5\nosferatu_000138.png,,0,0,0.0,0.0,0.0,0,,
data\raw_frames\nosferatu_1of5_20min_fps0_5\nosferatu_000139.png,,0,0,0.0,0.0,0.0,0,,
data\raw_frames\nosferatu_1of5_20min_fps0_5\nosferatu_000140.png,,0,0,0.0,0.0,0.0,0,,
data\raw_frames\nosferatu_1of5_20min_fps0_5\nosferatu_000141.png,,0,0,0.0,0.0,0.0,0,,
data\raw_frames\nosferatu_1of5_20min_fps0_5\nosferatu_000142.png,,0,0,0.0,0.0,0.0,0,,
data\raw_frames\nosferatu_1of5_20min_fps0_5\nosferatu_000143.png,,0,0,0.0,0.0,0.0,0,,
data\raw_frames\nosferatu_1of5_20min_fps0_5\nosferatu_000144.png,,0,0,0.0,0.0,0.0,0,,
data\raw_frames\nosferatu_1of5_20min_fps0_5\nosferatu_000145.png,,0,0,0.0,0.0,0.0,0,,
data\raw_frames\nosferatu_1of5_20min_fps0_5\nosferatu_000146.png,,0,0,0.0,0.0,0.0,0,,
data\raw_frames\nosferatu_1of5_20min_fps0_5\nosferatu_000147.png,,0,0,0.0,0.0,0.0,0,,
data\raw_frames\nosferatu_1of5_20min_fps0_5\nosferatu_000148.png,,0,0,0.0,0.0,0.0,0,,
data\raw_frames\nosferatu_1of5_20min_fps0_5\nosferatu_000149.png,,0,0,0.0,0.0,0.0,0,,
data\raw_frames\nosferatu_1of5_20min_fps0_5\nosferatu_000150.png,,0,0,0.0,0.0,0.0,0,,
data\raw_frames\nosferatu_1of5_20min_fps0_5\nosferatu_000151.png,,0,0,0.0,0.0,0.0,0,,
data\raw_frames\nosferatu_1of5_20min_fps0_5\nosferatu_000152.png,,0,0,0.0,0.0,0.0,0,,
data\raw_frames\nosferatu_1of5_20min_fps0_5\nosferatu_000153.png,,0,0,0.0,0.0,0.0,0,,
data\raw_frames\nosferatu_1of5_20min_fps0_5\nosferatu_000154.png,,0,0,0.0,0.0,0.0,0,,
data\raw_frames\nosferatu_1of5_20min_fps0_5\nosferatu_000155.png,'Here is an important letter From Transylvania: Count Dracula wishes to house in Our buy city,76,16,0.9285,0.9993,0.28235,1,,
data\raw_frames\nosferatu_1of5_20min_fps0_5\nosferatu_000156.png,is an important letter From Transylvania: Count Dracula wishes to house in Our 'Here buy city,76,16,0.8705,0.9997,0.28616,1,,
data\raw_frames\nosferatu_1of5_20min_fps0_5\nosferatu_000157.png,"is an important letter From Transylvania: Count Dracula wishes to house in Our ""Here buy cily",76,16,0.7859,0.9997,0.30657,1,,
data\raw_frames\nosferatu_1of5_20min_fps0_5\nosferatu_000158.png,is an important letter From Transylvania Count Dracula wishes to a house in our 'Here buy cily,77,16,0.8166,0.9995,0.29122,1,,
data\raw_frames\nosferatu_1of5_20min_fps0_5\nosferatu_000159.png,is an important letter From Transylvania Count Dracula wishes to house in Our 'Here buy city,76,16,0.8712,0.9996,0.30882,1,,
data\raw_frames\nosferatu_1of5_20min_fps0_5\nosferatu_000160.png,is an important letter From Transylvania: Count Dracula wishes to house in Our 'Here buy cily,76,16,0.8581,0.9997,0.29924,1,,
data\raw_frames\nosferatu_1of5_20min_fps0_5\nosferatu_000161.png,,0,0,0.0,0.0,0.0,0,,
data\raw_frames\nosferatu_1of5_20min_fps0_5\nosferatu_000162.png,"'Its opportunity for You, Harker. The Count is rich, and free with his money good",63,15,0.8415,1.0,0.25601,1,,
data\raw_frames\nosferatu_1of5_20min_fps0_5\nosferatu_000163.png,"opportuni for You, Harker. The Count is rich, and free with his money: good",58,14,0.8428,1.0,0.24121,1,,
data\raw_frames\nosferatu_1of5_20min_fps0_5\nosferatu_000164.png,"opportunity For You, Harker. The Count is rich; free with his money good and",60,14,0.8646,1.0,0.23263,1,,
data\raw_frames\nosferatu_1of5_20min_fps0_5\nosferatu_000165.png,"opportuni for You, Harker. The Count is rich, and free with his money: ~ts good ity",63,16,0.7846,0.9999,0.28371,1,,
data\raw_frames\nosferatu_1of5_20min_fps0_5\nosferatu_000166.png,"opportunity for You, Harker. The Count is rich, and free with his money 'Ir good",62,15,0.8432,0.9999,0.25234,1,,
data\raw_frames\nosferatu_1of5_20min_fps0_5\nosferatu_000167.png,"'Its opportunity for You, Harker. The Count is rich, and free with his money: good",63,15,0.7988,1.0,0.26199,1,,
data\raw_frames\nosferatu_1of5_20min_fps0_5\nosferatu_000168.png,,0,0,0.0,0.0,0.0,0,,
data\raw_frames\nosferatu_1of5_20min_fps0_5\nosferatu_000169.png,"will have marvelous journey: And, young as you are, what matter if i costs YOU some Or even a little blood ? 'You pain",90,21,0.8086,0.9999,0.35753,1,,
data\raw_frames\nosferatu_1of5_20min_fps0_5\nosferatu_000170.png,"will have marvelous journey: And, young as You are, what matter if i costs YOU some pain Or even little blood ? ""You",89,21,0.7716,0.9995,0.33465,1,,
data\raw_frames\nosferatu_1of5_20min_fps0_5\nosferatu_000171.png,"will have marvelous journey: And, young as YoU are, what matter if i costs some pain Or even little blood ? 'You",86,20,0.8527,0.9999,0.31836,1,,
data\raw_frames\nosferatu_1of5_20min_fps0_5\nosferatu_000172.png,"will have marvelous journey And; young as You are, what matter if it costs some Or even a little blood ? 'You pain",88,21,0.7682,0.9999,0.3291,1,,
data\raw_frames\nosferatu_1of5_20min_fps0_5\nosferatu_000173.png,"will have marvelous journey: And, young as you are, what matter if it costs some Or even little blood ? 'You pain",87,21,0.7828,0.9997,0.34161,1,,
data\raw_frames\nosferatu_1of5_20min_fps0_5\nosferatu_000174.png,"will have marvelous journey: And, young @s you are, what matter if it costs some Or even a little blood ? 'You pain",87,20,0.8247,0.9999,0.33714,1,,
data\raw_frames\nosferatu_1of5_20min_fps0_5\nosferatu_000175.png,"will have marvelous journey: And, young as you are, what matter if it costs some Or even a little blood ? 'You pain",88,21,0.7911,0.9999,0.336,1,,
data\raw_frames\nosferatu_1of5_20min_fps0_5\nosferatu_000176.png,"You will have marvelous journey: And, young as you are; what matter if it costs some Or even little blood ? pain",87,21,0.8529,0.9999,0.32554,1,,
data\raw_frames\nosferatu_1of5_20min_fps0_5\nosferatu_000177.png,"will have marvelous journey: And, young as you are; what matter if it costs some pain Or even little blood ?",84,20,0.8641,0.9999,0.30845,1,,
data\raw_frames\nosferatu_1of5_20min_fps0_5\nosferatu_000178.png,"You will have marvelous journey: And, young as You are, what matter if it costs YOU some Or even little blood ? pain",90,22,0.7799,0.9999,0.36052,1,,
data\raw_frames\nosferatu_1of5_20min_fps0_5\nosferatu_000179.png,,0,0,0.0,0.0,0.0,0,,
data\raw_frames\nosferatu_1of5_20min_fps0_5\nosferatu_000180.png,,0,0,0.0,0.0,0.0,0,,
data\raw_frames\nosferatu_1of5_20min_fps0_5\nosferatu_000181.png,,0,0,0.0,0.0,0.0,0,,
data\raw_frames\nosferatu_1of5_20min_fps0_5\nosferatu_000182.png,,0,0,0.0,0.0,0.0,0,,
data\raw_frames\nosferatu_1of5_20min_fps0_5\nosferatu_000183.png,,0,0,0.0,0.0,0.0,0,,
data\raw_frames\nosferatu_1of5_20min_fps0_5\nosferatu_000184.png,,0,0,0.0,0.0,0.0,0,,
data\raw_frames\nosferatu_1of5_20min_fps0_5\nosferatu_000185.png,,0,0,0.0,0.0,0.0,0,,
data\raw_frames\nosferatu_1of5_20min_fps0_5\nosferatu_000186.png,,0,0,0.0,0.0,0.0,0,,
data\raw_frames\nosferatu_1of5_20min_fps0_5\nosferatu_000187.png,0u,2,1,0.3913,0.3913,0.03488,0,,
data\raw_frames\nosferatu_1of5_20min_fps0_5\nosferatu_000188.png,,0,0,0.0,0.0,0.0,0,,
data\raw_frames\nosferatu_1of5_20min_fps0_5\nosferatu_000189.png,,0,0,0.0,0.0,0.0,0,,
data\raw_frames\nosferatu_1of5_20min_fps0_5\nosferatu_000190.png,,0,0,0.0,0.0,0.0,0,,
data\raw_frames\nosferatu_1of5_20min_fps0_5\nosferatu_000191.png,,0,0,0.0,0.0,0.0,0,,
data\raw_frames\nosferatu_1of5_20min_fps0_5\nosferatu_000192.png,,0,0,0.0,0.0,0.0,0,,
data\raw_frames\nosferatu_1of5_20min_fps0_5\nosferatu_000193.png,,0,0,0.0,0.0,0.0,0,,
data\raw_frames\nosferatu_1of5_20min_fps0_5\nosferatu_000194.png,,0,0,0.0,0.0,0.0,0,,
data\raw_frames\nosferatu_1of5_20min_fps0_5\nosferatu_000195.png,,0,0,0.0,0.0,0.0,0,,
data\raw_frames\nosferatu_1of5_20min_fps0_5\nosferatu_000196.png,,0,0,0.0,0.0,0.0,0,,
data\raw_frames\nosferatu_1of5_20min_fps0_5\nosferatu_000197.png,,0,0,0.0,0.0,0.0,0,,
data\raw_frames\nosferatu_1of5_20min_fps0_5\nosferatu_000198.png,,0,0,0.0,0.0,0.0,0,,
data\raw_frames\nosferatu_1of5_20min_fps0_5\nosferatu_000199.png,,0,0,0.0,0.0,0.0,0,,
data\raw_frames\nosferatu_1of5_20min_fps0_5\nosferatu_000200.png,,0,0,0.0,0.0,0.0,0,,
data\raw_frames\nosferatu_1of5_20min_fps0_5\nosferatu_000201.png,,0,0,0.0,0.0,0.0,0,,
data\raw_frames\nosferatu_1of5_20min_fps0_5\nosferatu_000202.png,,0,0,0.0,0.0,0.0,0,,
data\raw_frames\nosferatu_1of5_20min_fps0_5\nosferatu_000203.png,,0,0,0.0,0.0,0.0,0,,
data\raw_frames\nosferatu_1of5_20min_fps0_5\nosferatu_000204.png,,0,0,0.0,0.0,0.0,0,,
data\raw_frames\nosferatu_1of5_20min_fps0_5\nosferatu_000205.png,,0,0,0.0,0.0,0.0,0,,
data\raw_frames\nosferatu_1of5_20min_fps0_5\nosferatu_000206.png,,0,0,0.0,0.0,0.0,0,,
data\raw_frames\nosferatu_1of5_20min_fps0_5\nosferatu_000207.png,,0,0,0.0,0.0,0.0,0,,
data\raw_frames\nosferatu_1of5_20min_fps0_5\nosferatu_000208.png,The house facing yours That should suit him,36,8,0.6987,0.9731,0.15073,1,,
data\raw_frames\nosferatu_1of5_20min_fps0_5\nosferatu_000209.png,The house facing yours That should suit him',36,8,0.8028,0.9555,0.14783,1,,
data\raw_frames\nosferatu_1of5_20min_fps0_5\nosferatu_000210.png,The house facing yours That should suit him',36,8,0.7757,0.9668,0.1593,1,,
data\raw_frames\nosferatu_1of5_20min_fps0_5\nosferatu_000211.png,,0,0,0.0,0.0,0.0,0,,
data\raw_frames\nosferatu_1of5_20min_fps0_5\nosferatu_000212.png,at once; my young friend And don t be frightened if of Transylvania as the land of phantoms _ 'Leave speak people,89,20,0.7818,1.0,0.38954,1,,
data\raw_frames\nosferatu_1of5_20min_fps0_5\nosferatu_000213.png,"at once, my young friend: And don t be frightened if of Transylvania as the land of phantoms 'Leave speak people",89,20,0.8219,1.0,0.40799,1,,
data\raw_frames\nosferatu_1of5_20min_fps0_5\nosferatu_000214.png,"at once, my young friend: And don t be frightened if of Transylvania as the land of phantoms _ 'Leave people speak",89,20,0.8585,1.0,0.4183,1,,
data\raw_frames\nosferatu_1of5_20min_fps0_5\nosferatu_000215.png,"at once, my young friend: And don't be frightened if of Transylvania as the land of phantoms _ 'Leave speak people",89,20,0.8801,1.0,0.4067,1,,
data\raw_frames\nosferatu_1of5_20min_fps0_5\nosferatu_000216.png,"at once, my young friend: And don t be frightened if of Transylvania as the land of phantoms 'Leave speak people",89,20,0.9015,1.0,0.40622,1,,
data\raw_frames\nosferatu_1of5_20min_fps0_5\nosferatu_000217.png,"at once, my young friend; And don't be frightened if people of Transylvania as the land of phantoms _ 'Leave speak",89,20,0.8223,1.0,0.39041,1,,
data\raw_frames\nosferatu_1of5_20min_fps0_5\nosferatu_000218.png,"at once, my young friend: And don t be frightened if of Transylvania as the land of phantoms _ 'Leave speak people",89,20,0.8586,1.0,0.38883,1,,
data\raw_frames\nosferatu_1of5_20min_fps0_5\nosferatu_000219.png,,0,0,0.0,0.0,0.0,0,,
data\raw_frames\nosferatu_1of5_20min_fps0_5\nosferatu_000220.png,,0,0,0.0,0.0,0.0,0,,
data\raw_frames\nosferatu_1of5_20min_fps0_5\nosferatu_000221.png,,0,0,0.0,0.0,0.0,0,,
data\raw_frames\nosferatu_1of5_20min_fps0_5\nosferatu_000222.png,,0,0,0.0,0.0,0.0,0,,
data\raw_frames\nosferatu_1of5_20min_fps0_5\nosferatu_000223.png,,0,0,0.0,0.0,0.0,0,,
data\raw_frames\nosferatu_1of5_20min_fps0_5\nosferatu_000224.png,,0,0,0.0,0.0,0.0,0,,
data\raw_frames\nosferatu_1of5_20min_fps0_5\nosferatu_000225.png,,0,0,0.0,0.0,0.0,0,,
data\raw_frames\nosferatu_1of5_20min_fps0_5\nosferatu_000226.png,,0,0,0.0,0.0,0.0,0,,
data\raw_frames\nosferatu_1of5_20min_fps0_5\nosferatu_000227.png,,0,0,0.0,0.0,0.0,0,,
data\raw_frames\nosferatu_1of5_20min_fps0_5\nosferatu_000228.png,"'Imay be away for several months, Nina. Renfield is sending me to some lost corner of the Carpathians __",81,18,0.8852,0.9994,0.35494,1,,
data\raw_frames\nosferatu_1of5_20min_fps0_5\nosferatu_000229.png,"'Imay be away for months, Nina. Renfield is sending me to some lost corner of the Carpathians _:' several",81,18,0.9112,0.9994,0.35189,1,,
data\raw_frames\nosferatu_1of5_20min_fps0_5\nosferatu_000230.png,"'Tmay be away for months, Nina. Renfield is sending me to some lost corner of the Carpathians . several",81,18,0.8754,0.9999,0.35847,1,,
data\raw_frames\nosferatu_1of5_20min_fps0_5\nosferatu_000231.png,"'Imay be away for several months, Nina. Renfield is sending me to some lost corner of the Carpathians",81,18,0.8341,0.9999,0.36874,1,,
data\raw_frames\nosferatu_1of5_20min_fps0_5\nosferatu_000232.png,"'Imay be away for several months, Nina: Renfield is sending me to some lost corner of the Carpathians ..",81,18,0.911,0.9999,0.35046,1,,
data\raw_frames\nosferatu_1of5_20min_fps0_5\nosferatu_000233.png,"'Imay be away for several months, Nina. Renfield is sending me to some lost corner of the Carpathians _",81,18,0.9056,1.0,0.35778,1,,
data\raw_frames\nosferatu_1of5_20min_fps0_5\nosferatu_000234.png,"'Imay be away for months, Nina: Renfield is sending me to some lost corner of the Carpathians _. several",81,18,0.9061,0.9999,0.34541,1,,
data\raw_frames\nosferatu_1of5_20min_fps0_5\nosferatu_000235.png,,0,0,0.0,0.0,0.0,0,,
data\raw_frames\nosferatu_1of5_20min_fps0_5\nosferatu_000236.png,,0,0,0.0,0.0,0.0,0,,
data\raw_frames\nosferatu_1of5_20min_fps0_5\nosferatu_000237.png,,0,0,0.0,0.0,0.0,0,,
data\raw_frames\nosferatu_1of5_20min_fps0_5\nosferatu_000238.png,,0,0,0.0,0.0,0.0,0,,
data\raw_frames\nosferatu_1of5_20min_fps0_5\nosferatu_000239.png,,0,0,0.0,0.0,0.0,0,,
data\raw_frames\nosferatu_1of5_20min_fps0_5\nosferatu_000240.png,,0,0,0.0,0.0,0.0,0,,
data\raw_frames\nosferatu_1of5_20min_fps0_5\nosferatu_000241.png,,0,0,0.0,0.0,0.0,0,,
data\raw_frames\nosferatu_1of5_20min_fps0_5\nosferatu_000242.png,,0,0,0.0,0.0,0.0,0,,
data\raw_frames\nosferatu_1of5_20min_fps0_5\nosferatu_000243.png,,0,0,0.0,0.0,0.0,0,,
data\raw_frames\nosferatu_1of5_20min_fps0_5\nosferatu_000244.png,,0,0,0.0,0.0,0.0,0,,
data\raw_frames\nosferatu_1of5_20min_fps0_5\nosferatu_000245.png,,0,0,0.0,0.0,0.0,0,,
data\raw_frames\nosferatu_1of5_20min_fps0_5\nosferatu_000246.png,,0,0,0.0,0.0,0.0,0,,
data\raw_frames\nosferatu_1of5_20min_fps0_5\nosferatu_000247.png,,0,0,0.0,0.0,0.0,0,,
data\raw_frames\nosferatu_1of5_20min_fps0_5\nosferatu_000248.png,,0,0,0.0,0.0,0.0,0,,
data\raw_frames\nosferatu_1of5_20min_fps0_5\nosferatu_000249.png,,0,0,0.0,0.0,0.0,0,,
data\raw_frames\nosferatu_1of5_20min_fps0_5\nosferatu_000250.png,,0,0,0.0,0.0,0.0,0,,
data\raw_frames\nosferatu_1of5_20min_fps0_5\nosferatu_000251.png,,0,0,0.0,0.0,0.0,0,,
data\raw_frames\nosferatu_1of5_20min_fps0_5\nosferatu_000252.png,,0,0,0.0,0.0,0.0,0,,
data\raw_frames\nosferatu_1of5_20min_fps0_5\nosferatu_000253.png,,0,0,0.0,0.0,0.0,0,,
data\raw_frames\nosferatu_1of5_20min_fps0_5\nosferatu_000254.png,,0,0,0.0,0.0,0.0,0,,
data\raw_frames\nosferatu_1of5_20min_fps0_5\nosferatu_000255.png,,0,0,0.0,0.0,0.0,0,,
data\raw_frames\nosferatu_1of5_20min_fps0_5\nosferatu_000256.png,,0,0,0.0,0.0,0.0,0,,
data\raw_frames\nosferatu_1of5_20min_fps0_5\nosferatu_000257.png,,0,0,0.0,0.0,0.0,0,,
data\raw_frames\nosferatu_1of5_20min_fps0_5\nosferatu_000258.png,,0,0,0.0,0.0,0.0,0,,
data\raw_frames\nosferatu_1of5_20min_fps0_5\nosferatu_000259.png,,0,0,0.0,0.0,0.0,0,,
data\raw_frames\nosferatu_1of5_20min_fps0_5\nosferatu_000260.png,"Harker left Nina with his friends, Westenra and his wife good Lucy",54,12,0.8343,0.9999,0.22263,1,,
data\raw_frames\nosferatu_1of5_20min_fps0_5\nosferatu_000261.png,"Harker lett Nina with his friends, Westenra and his wife good Lucy",54,12,0.8902,0.9999,0.22308,1,,
data\raw_frames\nosferatu_1of5_20min_fps0_5\nosferatu_000262.png,"Harker left Nina with his friends, Westenra and his wife good Lucy",54,12,0.8285,0.9999,0.21796,1,,
data\raw_frames\nosferatu_1of5_20min_fps0_5\nosferatu_000263.png,"Harker left Nina with his friends, Westenra and his wife good Lucy",54,12,0.9054,0.9999,0.22016,1,,
data\raw_frames\nosferatu_1of5_20min_fps0_5\nosferatu_000264.png,,0,0,0.0,0.0,0.0,0,,
data\raw_frames\nosferatu_1of5_20min_fps0_5\nosferatu_000265.png,,0,0,0.0,0.0,0.0,0,,
data\raw_frames\nosferatu_1of5_20min_fps0_5\nosferatu_000266.png,,0,0,0.0,0.0,0.0,0,,
data\raw_frames\nosferatu_1of5_20min_fps0_5\nosferatu_000267.png,,0,0,0.0,0.0,0.0,0,,
data\raw_frames\nosferatu_1of5_20min_fps0_5\nosferatu_000268.png,,0,0,0.0,0.0,0.0,0,,
data\raw_frames\nosferatu_1of5_20min_fps0_5\nosferatu_000269.png,,0,0,0.0,0.0,0.0,0,,
data\raw_frames\nosferatu_1of5_20min_fps0_5\nosferatu_000270.png,,0,0,0.0,0.0,0.0,0,,
data\raw_frames\nosferatu_1of5_20min_fps0_5\nosferatu_000271.png,,0,0,0.0,0.0,0.0,0,,
data\raw_frames\nosferatu_1of5_20min_fps0_5\nosferatu_000272.png,,0,0,0.0,0.0,0.0,0,,
data\raw_frames\nosferatu_1of5_20min_fps0_5\nosferatu_000273.png,,0,0,0.0,0.0,0.0,0,,
data\raw_frames\nosferatu_1of5_20min_fps0_5\nosferatu_000274.png,"worty, Nina: Nothing will to Me: ""Don happen",33,8,0.7351,0.9996,0.15965,1,,
data\raw_frames\nosferatu_1of5_20min_fps0_5\nosferatu_000275.png,"worty, Nina: Nothing will to me' ""Don happen",33,8,0.778,0.9997,0.16817,1,,
data\raw_frames\nosferatu_1of5_20min_fps0_5\nosferatu_000276.png,"worry, Nina. Nothing will to me' ""Don happen",33,8,0.796,0.9998,0.16402,1,,
data\raw_frames\nosferatu_1of5_20min_fps0_5\nosferatu_000277.png,,0,0,0.0,0.0,0.0,0,,
data\raw_frames\nosferatu_1of5_20min_fps0_5\nosferatu_000278.png,,0,0,0.0,0.0,0.0,0,,
data\raw_frames\nosferatu_1of5_20min_fps0_5\nosferatu_000279.png,,0,0,0.0,0.0,0.0,0,,
data\raw_frames\nosferatu_1of5_20min_fps0_5\nosferatu_000280.png,,0,0,0.0,0.0,0.0,0,,
data\raw_frames\nosferatu_1of5_20min_fps0_5\nosferatu_000281.png,,0,0,0.0,0.0,0.0,0,,
data\raw_frames\nosferatu_1of5_20min_fps0_5\nosferatu_000282.png,,0,0,0.0,0.0,0.0,0,,
data\raw_frames\nosferatu_1of5_20min_fps0_5\nosferatu_000283.png,,0,0,0.0,0.0,0.0,0,,
data\raw_frames\nosferatu_1of5_20min_fps0_5\nosferatu_000284.png,,0,0,0.0,0.0,0.0,0,,
data\raw_frames\nosferatu_1of5_20min_fps0_5\nosferatu_000285.png,,0,0,0.0,0.0,0.0,0,,
data\raw_frames\nosferatu_1of5_20min_fps0_5\nosferatu_000286.png,,0,0,0.0,0.0,0.0,0,,
data\raw_frames\nosferatu_1of5_20min_fps0_5\nosferatu_000287.png,,0,0,0.0,0.0,0.0,0,,
data\raw_frames\nosferatu_1of5_20min_fps0_5\nosferatu_000288.png,,0,0,0.0,0.0,0.0,0,,
data\raw_frames\nosferatu_1of5_20min_fps0_5\nosferatu_000289.png,,0,0,0.0,0.0,0.0,0,,
data\raw_frames\nosferatu_1of5_20min_fps0_5\nosferatu_000290.png,,0,0,0.0,0.0,0.0,0,,
data\raw_frames\nosferatu_1of5_20min_fps0_5\nosferatu_000291.png,,0,0,0.0,0.0,0.0,0,,
data\raw_frames\nosferatu_1of5_20min_fps0_5\nosferatu_000292.png,,0,0,0.0,0.0,0.0,0,,
data\raw_frames\nosferatu_1of5_20min_fps0_5\nosferatu_000293.png,,0,0,0.0,0.0,0.0,0,,
data\raw_frames\nosferatu_1of5_20min_fps0_5\nosferatu_000294.png,,0,0,0.0,0.0,0.0,0,,
data\raw_frames\nosferatu_1of5_20min_fps0_5\nosferatu_000295.png,,0,0,0.0,0.0,0.0,0,,
data\raw_frames\nosferatu_1of5_20min_fps0_5\nosferatu_000296.png,,0,0,0.0,0.0,0.0,0,,
data\raw_frames\nosferatu_1of5_20min_fps0_5\nosferatu_000297.png,,0,0,0.0,0.0,0.0,0,,
data\raw_frames\nosferatu_1of5_20min_fps0_5\nosferatu_000298.png,,0,0,0.0,0.0,0.0,0,,
data\raw_frames\nosferatu_1of5_20min_fps0_5\nosferatu_000299.png,,0,0,0.0,0.0,0.0,0,,
data\raw_frames\nosferatu_1of5_20min_fps0_5\nosferatu_000300.png,,0,0,0.0,0.0,0.0,0,,
data\raw_frames\nosferatu_1of5_20min_fps0_5\nosferatu_000301.png,"From relay to re through the dust by the stages, Harker hurried on' slay, raised",63,15,0.8765,0.9999,0.2506,1,,
data\raw_frames\nosferatu_1of5_20min_fps0_5\nosferatu_000302.png,"From to re through the dust raised the stages, Harker hurried on: relay loy, by",62,15,0.8347,1.0,0.24543,1,,
data\raw_frames\nosferatu_1of5_20min_fps0_5\nosferatu_000303.png,"From re to re through the dust raised by the stages, Harker hurried lay loy,",60,15,0.9225,0.9999,0.23384,1,,
data\raw_frames\nosferatu_1of5_20min_fps0_5\nosferatu_000304.png,"From relay to re through the dust raised by the stages, Harker hurried lay,",60,14,0.926,0.9994,0.24814,1,,
data\raw_frames\nosferatu_1of5_20min_fps0_5\nosferatu_000305.png,"From relay to relay, through the dust raised by the stages, Harker hurried on'",62,14,0.7842,0.9674,0.26258,1,,
data\raw_frames\nosferatu_1of5_20min_fps0_5\nosferatu_000306.png,"From relay to re through the dust raised by the stages, Harker hurried on' lay,",62,15,0.854,0.9991,0.25723,1,,
data\raw_frames\nosferatu_1of5_20min_fps0_5\nosferatu_000307.png,,0,0,0.0,0.0,0.0,0,,
data\raw_frames\nosferatu_1of5_20min_fps0_5\nosferatu_000308.png,,0,0,0.0,0.0,0.0,0,,
data\raw_frames\nosferatu_1of5_20min_fps0_5\nosferatu_000309.png,,0,0,0.0,0.0,0.0,0,,
data\raw_frames\nosferatu_1of5_20min_fps0_5\nosferatu_000310.png,,0,0,0.0,0.0,0.0,0,,
data\raw_frames\nosferatu_1of5_20min_fps0_5\nosferatu_000311.png,,0,0,0.0,0.0,0.0,0,,
data\raw_frames\nosferatu_1of5_20min_fps0_5\nosferatu_000312.png,,0,0,0.0,0.0,0.0,0,,
data\raw_frames\nosferatu_1of5_20min_fps0_5\nosferatu_000313.png,,0,0,0.0,0.0,0.0,0,,
data\raw_frames\nosferatu_1of5_20min_fps0_5\nosferatu_000314.png,,0,0,0.0,0.0,0.0,0,,
data\raw_frames\nosferatu_1of5_20min_fps0_5\nosferatu_000315.png,,0,0,0.0,0.0,0.0,0,,
data\raw_frames\nosferatu_1of5_20min_fps0_5\nosferatu_000316.png,,0,0,0.0,0.0,0.0,0,,
data\raw_frames\nosferatu_1of5_20min_fps0_5\nosferatu_000317.png,,0,0,0.0,0.0,0.0,0,,
data\raw_frames\nosferatu_1of5_20min_fps0_5\nosferatu_000318.png,,0,0,0.0,0.0,0.0,0,,
data\raw_frames\nosferatu_1of5_20min_fps0_5\nosferatu_000319.png,,0,0,0.0,0.0,0.0,0,,
data\raw_frames\nosferatu_1of5_20min_fps0_5\nosferatu_000320.png,,0,0,0.0,0.0,0.0,0,,
data\raw_frames\nosferatu_1of5_20min_fps0_5\nosferatu_000321.png,,0,0,0.0,0.0,0.0,0,,
data\raw_frames\nosferatu_1of5_20min_fps0_5\nosferatu_000322.png,,0,0,0.0,0.0,0.0,0,,
data\raw_frames\nosferatu_1of5_20min_fps0_5\nosferatu_000323.png,,0,0,0.0,0.0,0.0,0,,
data\raw_frames\nosferatu_1of5_20min_fps0_5\nosferatu_000324.png,,0,0,0.0,0.0,0.0,0,,
data\raw_frames\nosferatu_1of5_20min_fps0_5\nosferatu_000325.png,,0,0,0.0,0.0,0.0,0,,
data\raw_frames\nosferatu_1of5_20min_fps0_5\nosferatu_000326.png,,0,0,0.0,0.0,0.0,0,,
data\raw_frames\nosferatu_1of5_20min_fps0_5\nosferatu_000327.png,,0,0,0.0,0.0,0.0,0,,
data\raw_frames\nosferatu_1of5_20min_fps0_5\nosferatu_000328.png,,0,0,0.0,0.0,0.0,0,,
data\raw_frames\nosferatu_1of5_20min_fps0_5\nosferatu_000329.png,,0,0,0.0,0.0,0.0,0,,
data\raw_frames\nosferatu_1of5_20min_fps0_5\nosferatu_000330.png,,0,0,0.0,0.0,0.0,0,,
data\raw_frames\nosferatu_1of5_20min_fps0_5\nosferatu_000331.png,,0,0,0.0,0.0,0.0,0,,
data\raw_frames\nosferatu_1of5_20min_fps0_5\nosferatu_000332.png,,0,0,0.0,0.0,0.0,0,,
data\raw_frames\nosferatu_1of5_20min_fps0_5\nosferatu_000333.png,,0,0,0.0,0.0,0.0,0,,
data\raw_frames\nosferatu_1of5_20min_fps0_5\nosferatu_000334.png,,0,0,0.0,0.0,0.0,0,,
data\raw_frames\nosferatu_1of5_20min_fps0_5\nosferatu_000335.png,,0,0,0.0,0.0,0.0,0,,
data\raw_frames\nosferatu_1of5_20min_fps0_5\nosferatu_000336.png,,0,0,0.0,0.0,0.0,0,,
data\raw_frames\nosferatu_1of5_20min_fps0_5\nosferatu_000337.png,,0,0,0.0,0.0,0.0,0,,
data\raw_frames\nosferatu_1of5_20min_fps0_5\nosferatu_000338.png,,0,0,0.0,0.0,0.0,0,,
data\raw_frames\nosferatu_1of5_20min_fps0_5\nosferatu_000339.png,,0,0,0.0,0.0,0.0,0,,
data\raw_frames\nosferatu_1of5_20min_fps0_5\nosferatu_000340.png,"quickly ! should already be at Count Dracula $ castle: 'Dinner ,",48,9,0.6682,0.8715,0.2086,1,,
data\raw_frames\nosferatu_1of5_20min_fps0_5\nosferatu_000341.png,"Dinner, quickly ! should already be at Count Dracula $ castle:",48,9,0.8599,0.9834,0.20012,1,,
data\raw_frames\nosferatu_1of5_20min_fps0_5\nosferatu_000342.png,"Dinner, quickly ! should already be at Count Dracula $ castle'",48,9,0.8225,0.9865,0.1981,1,,
data\raw_frames\nosferatu_1of5_20min_fps0_5\nosferatu_000343.png,"Dinner, quickly ! should already be at Count Dracula $ castle",48,9,0.636,0.7702,0.20427,1,,
data\raw_frames\nosferatu_1of5_20min_fps0_5\nosferatu_000344.png,,0,0,0.0,0.0,0.0,0,,
data\raw_frames\nosferatu_1of5_20min_fps0_5\nosferatu_000345.png,,0,0,0.0,0.0,0.0,0,,
data\raw_frames\nosferatu_1of5_20min_fps0_5\nosferatu_000346.png,,0,0,0.0,0.0,0.0,0,,
data\raw_frames\nosferatu_1of5_20min_fps0_5\nosferatu_000347.png,,0,0,0.0,0.0,0.0,0,,
data\raw_frames\nosferatu_1of5_20min_fps0_5\nosferatu_000348.png,,0,0,0.0,0.0,0.0,0,,
data\raw_frames\nosferatu_1of5_20min_fps0_5\nosferatu_000349.png,,0,0,0.0,0.0,0.0,0,,
data\raw_frames\nosferatu_1of5_20min_fps0_5\nosferatu_000350.png,,0,0,0.0,0.0,0.0,0,,
data\raw_frames\nosferatu_1of5_20min_fps0_5\nosferatu_000351.png,,0,0,0.0,0.0,0.0,0,,
data\raw_frames\nosferatu_1of5_20min_fps0_5\nosferatu_000352.png,,0,0,0.0,0.0,0.0,0,,
data\raw_frames\nosferatu_1of5_20min_fps0_5\nosferatu_000353.png,,0,0,0.0,0.0,0.0,0,,
data\raw_frames\nosferatu_1of5_20min_fps0_5\nosferatu_000354.png,,0,0,0.0,0.0,0.0,0,,
data\raw_frames\nosferatu_1of5_20min_fps0_5\nosferatu_000355.png,,0,0,0.0,0.0,0.0,0,,
data\raw_frames\nosferatu_1of5_20min_fps0_5\nosferatu_000356.png,,0,0,0.0,0.0,0.0,0,,
data\raw_frames\nosferatu_1of5_20min_fps0_5\nosferatu_000357.png,,0,0,0.0,0.0,0.0,0,,
data\raw_frames\nosferatu_1of5_20min_fps0_5\nosferatu_000358.png,,0,0,0.0,0.0,0.0,0,,
data\raw_frames\nosferatu_1of5_20min_fps0_5\nosferatu_000359.png,,0,0,0.0,0.0,0.0,0,,
data\raw_frames\nosferatu_1of5_20min_fps0_5\nosferatu_000360.png,must not leave now | The evil spirits become all-powerful after dark!' 'You,58,13,0.8161,0.9999,0.25001,1,,
data\raw_frames\nosferatu_1of5_20min_fps0_5\nosferatu_000361.png,must not leave now | The evil spirits become all I-powerful after 'You,55,12,0.8519,0.9999,0.22704,1,,
data\raw_frames\nosferatu_1of5_20min_fps0_5\nosferatu_000362.png,must not now l The evil spirits become all-powerful after dark!' 'You leave,59,13,0.8555,0.9998,0.23409,1,,
data\raw_frames\nosferatu_1of5_20min_fps0_5\nosferatu_000363.png,must not now | The evil become all-powerful after dark!' 'You leave spirits,58,13,0.8911,1.0,0.23919,1,,
data\raw_frames\nosferatu_1of5_20min_fps0_5\nosferatu_000364.png,,0,0,0.0,0.0,0.0,0,,
data\raw_frames\nosferatu_1of5_20min_fps0_5\nosferatu_000365.png,,0,0,0.0,0.0,0.0,0,,
data\raw_frames\nosferatu_1of5_20min_fps0_5\nosferatu_000366.png,,0,0,0.0,0.0,0.0,0,,
data\raw_frames\nosferatu_1of5_20min_fps0_5\nosferatu_000367.png,,0,0,0.0,0.0,0.0,0,,
data\raw_frames\nosferatu_1of5_20min_fps0_5\nosferatu_000368.png,,0,0,0.0,0.0,0.0,0,,
data\raw_frames\nosferatu_1of5_20min_fps0_5\nosferatu_000369.png,,0,0,0.0,0.0,0.0,0,,
data\raw_frames\nosferatu_1of5_20min_fps0_5\nosferatu_000370.png,,0,0,0.0,0.0,0.0,0,,
data\raw_frames\nosferatu_1of5_20min_fps0_5\nosferatu_000371.png,,0,0,0.0,0.0,0.0,0,,
data\raw_frames\nosferatu_1of5_20min_fps0_5\nosferatu_000372.png,,0,0,0.0,0.0,0.0,0,,
data\raw_frames\nosferatu_1of5_20min_fps0_5\nosferatu_000373.png,,0,0,0.0,0.0,0.0,0,,
data\raw_frames\nosferatu_1of5_20min_fps0_5\nosferatu_000374.png,,0,0,0.0,0.0,0.0,0,,
data\raw_frames\nosferatu_1of5_20min_fps0_5\nosferatu_000375.png,,0,0,0.0,0.0,0.0,0,,
data\raw_frames\nosferatu_1of5_20min_fps0_5\nosferatu_000376.png,,0,0,0.0,0.0,0.0,0,,
data\raw_frames\nosferatu_1of5_20min_fps0_5\nosferatu_000377.png,,0,0,0.0,0.0,0.0,0,,
data\raw_frames\nosferatu_1of5_20min_fps0_5\nosferatu_000378.png,,0,0,0.0,0.0,0.0,0,,
data\raw_frames\nosferatu_1of5_20min_fps0_5\nosferatu_000379.png,,0,0,0.0,0.0,0.0,0,,
data\raw_frames\nosferatu_1of5_20min_fps0_5\nosferatu_000380.png,,0,0,0.0,0.0,0.0,0,,
data\raw_frames\nosferatu_1of5_20min_fps0_5\nosferatu_000381.png,,0,0,0.0,0.0,0.0,0,,
data\raw_frames\nosferatu_1of5_20min_fps0_5\nosferatu_000382.png,,0,0,0.0,0.0,0.0,0,,
data\raw_frames\nosferatu_1of5_20min_fps0_5\nosferatu_000383.png,,0,0,0.0,0.0,0.0,0,,
data\raw_frames\nosferatu_1of5_20min_fps0_5\nosferatu_000384.png,,0,0,0.0,0.0,0.0,0,,
data\raw_frames\nosferatu_1of5_20min_fps0_5\nosferatu_000385.png,,0,0,0.0,0.0,0.0,0,,
data\raw_frames\nosferatu_1of5_20min_fps0_5\nosferatu_000386.png,,0,0,0.0,0.0,0.0,0,,
data\raw_frames\nosferatu_1of5_20min_fps0_5\nosferatu_000387.png,,0,0,0.0,0.0,0.0,0,,
data\raw_frames\nosferatu_1of5_20min_fps0_5\nosferatu_000388.png,,0,0,0.0,0.0,0.0,0,,
data\raw_frames\nosferatu_1of5_20min_fps0_5\nosferatu_000389.png,,0,0,0.0,0.0,0.0,0,,
data\raw_frames\nosferatu_1of5_20min_fps0_5\nosferatu_000390.png,,0,0,0.0,0.0,0.0,0,,
data\raw_frames\nosferatu_1of5_20min_fps0_5\nosferatu_000391.png,,0,0,0.0,0.0,0.0,0,,
data\raw_frames\nosferatu_1of5_20min_fps0_5\nosferatu_000392.png,,0,0,0.0,0.0,0.0,0,,
data\raw_frames\nosferatu_1of5_20min_fps0_5\nosferatu_000393.png,,0,0,0.0,0.0,0.0,0,,
data\raw_frames\nosferatu_1of5_20min_fps0_5\nosferatu_000394.png,,0,0,0.0,0.0,0.0,0,,
data\raw_frames\nosferatu_1of5_20min_fps0_5\nosferatu_000395.png,,0,0,0.0,0.0,0.0,0,,
data\raw_frames\nosferatu_1of5_20min_fps0_5\nosferatu_000396.png,,0,0,0.0,0.0,0.0,0,,
data\raw_frames\nosferatu_1of5_20min_fps0_5\nosferatu_000397.png,,0,0,0.0,0.0,0.0,0,,
data\raw_frames\nosferatu_1of5_20min_fps0_5\nosferatu_000398.png,,0,0,0.0,0.0,0.0,0,,
data\raw_frames\nosferatu_1of5_20min_fps0_5\nosferatu_000399.png,,0,0,0.0,0.0,0.0,0,,
data\raw_frames\nosferatu_1of5_20min_fps0_5\nosferatu_000400.png,,0,0,0.0,0.0,0.0,0,,
data\raw_frames\nosferatu_1of5_20min_fps0_5\nosferatu_000401.png,,0,0,0.0,0.0,0.0,0,,
data\raw_frames\nosferatu_1of5_20min_fps0_5\nosferatu_000402.png,,0,0,0.0,0.0,0.0,0,,
data\raw_frames\nosferatu_1of5_20min_fps0_5\nosferatu_000403.png,,0,0,0.0,0.0,0.0,0,,
data\raw_frames\nosferatu_1of5_20min_fps0_5\nosferatu_000404.png,,0,0,0.0,0.0,0.0,0,,
data\raw_frames\nosferatu_1of5_20min_fps0_5\nosferatu_000405.png,,0,0,0.0,0.0,0.0,0,,
data\raw_frames\nosferatu_1of5_20min_fps0_5\nosferatu_000406.png,,0,0,0.0,0.0,0.0,0,,
data\raw_frames\nosferatu_1of5_20min_fps0_5\nosferatu_000407.png,,0,0,0.0,0.0,0.0,0,,
data\raw_frames\nosferatu_1of5_20min_fps0_5\nosferatu_000408.png,,0,0,0.0,0.0,0.0,0,,
data\raw_frames\nosferatu_1of5_20min_fps0_5\nosferatu_000409.png,,0,0,0.0,0.0,0.0,0,,
data\raw_frames\nosferatu_1of5_20min_fps0_5\nosferatu_000410.png,,0,0,0.0,0.0,0.0,0,,
data\raw_frames\nosferatu_1of5_20min_fps0_5\nosferatu_000411.png,,0,0,0.0,0.0,0.0,0,,
data\raw_frames\nosferatu_1of5_20min_fps0_5\nosferatu_000412.png,,0,0,0.0,0.0,0.0,0,,
data\raw_frames\nosferatu_1of5_20min_fps0_5\nosferatu_000413.png,,0,0,0.0,0.0,0.0,0,,
data\raw_frames\nosferatu_1of5_20min_fps0_5\nosferatu_000414.png,ot hc,4,2,0.3834,0.3834,0.03006,0,,
data\raw_frames\nosferatu_1of5_20min_fps0_5\nosferatu_000415.png,oe tbe Vampires,13,3,0.5,0.623,0.20061,1,,
data\raw_frames\nosferatu_1of5_20min_fps0_5\nosferatu_000416.png,oe tbe Vampires,13,3,0.6041,0.7348,0.20061,1,,
data\raw_frames\nosferatu_1of5_20min_fps0_5\nosferatu_000417.png,oe tbe Vampires,13,3,0.6368,0.8579,0.19978,1,,
data\raw_frames\nosferatu_1of5_20min_fps0_5\nosferatu_000418.png,,0,0,0.0,0.0,0.0,0,,
data\raw_frames\nosferatu_1of5_20min_fps0_5\nosferatu_000419.png,,0,0,0.0,0.0,0.0,0,,
data\raw_frames\nosferatu_1of5_20min_fps0_5\nosferatu_000420.png,that the in born first HB was and Qasferatu,35,9,0.7603,0.9707,0.21598,1,,
data\raw_frames\nosferatu_1of5_20min_fps0_5\nosferatu_000421.png,that the in born first Was and,24,7,0.8028,0.9389,0.13209,1,,
data\raw_frames\nosferatu_1of5_20min_fps0_5\nosferatu_000422.png,that the in born first Was and Qosferatu,33,8,0.6983,0.9545,0.19443,1,,
data\raw_frames\nosferatu_1of5_20min_fps0_5\nosferatu_000423.png,that the it in born first Was and,26,8,0.8497,0.9682,0.1394,1,,
data\raw_frames\nosferatu_1of5_20min_fps0_5\nosferatu_000424.png,vings aloud_,10,2,0.7898,0.9786,0.06928,1,,
data\raw_frames\nosferatu_1of5_20min_fps0_5\nosferatu_000425.png,Ckat vings of a bird o like the cry ppey: name speak aloud _,45,11,0.5111,0.7581,0.36098,1,,
data\raw_frames\nosferatu_1of5_20min_fps0_5\nosferatu_000426.png,Ckat vings of a bird o like tbe cry Mlevet ptey: speak aloud,47,11,0.6235,0.998,0.36502,1,,
data\raw_frames\nosferatu_1of5_20min_fps0_5\nosferatu_000427.png,Ckat vings 0f a bird o like the cry prey: Llever name speak i aloud _,52,12,0.6071,0.929,0.44378,1,,
data\raw_frames\nosferatu_1of5_20min_fps0_5\nosferatu_000428.png,Chat vings of a bird o like the cry Mlever tame speak i aloud _,48,11,0.6324,0.9591,0.37791,1,,
data\raw_frames\nosferatu_1of5_20min_fps0_5\nosferatu_000429.png,Chat vings of a bird 0 like the cry peey: Llever name speak it,48,12,0.541,0.7137,0.4115,1,,
data\raw_frames\nosferatu_1of5_20min_fps0_5\nosferatu_000430.png,Chat vings of a bird o like the cry ptey: name speak it,42,11,0.5391,0.846,0.35893,1,,
data\raw_frames\nosferatu_1of5_20min_fps0_5\nosferatu_000431.png,,0,0,0.0,0.0,0.0,0,,
data\raw_frames\nosferatu_1of5_20min_fps0_5\nosferatu_000432.png,,0,0,0.0,0.0,0.0,0,,
data\raw_frames\nosferatu_1of5_20min_fps0_5\nosferatu_000433.png,,0,0,0.0,0.0,0.0,0,,
data\raw_frames\nosferatu_1of5_20min_fps0_5\nosferatu_000434.png,,0,0,0.0,0.0,0.0,0,,
data\raw_frames\nosferatu_1of5_20min_fps0_5\nosferatu_000435.png,,0,0,0.0,0.0,0.0,0,,
data\raw_frames\nosferatu_1of5_20min_fps0_5\nosferatu_000436.png,,0,0,0.0,0.0,0.0,0,,
data\raw_frames\nosferatu_1of5_20min_fps0_5\nosferatu_000437.png,,0,0,0.0,0.0,0.0,0,,
data\raw_frames\nosferatu_1of5_20min_fps0_5\nosferatu_000438.png,,0,0,0.0,0.0,0.0,0,,
data\raw_frames\nosferatu_1of5_20min_fps0_5\nosferatu_000439.png,,0,0,0.0,0.0,0.0,0,,
data\raw_frames\nosferatu_1of5_20min_fps0_5\nosferatu_000440.png,,0,0,0.0,0.0,0.0,0,,
data\raw_frames\nosferatu_1of5_20min_fps0_5\nosferatu_000441.png,,0,0,0.0,0.0,0.0,0,,
data\raw_frames\nosferatu_1of5_20min_fps0_5\nosferatu_000442.png,,0,0,0.0,0.0,0.0,0,,
data\raw_frames\nosferatu_1of5_20min_fps0_5\nosferatu_000443.png,,0,0,0.0,0.0,0.0,0,,
data\raw_frames\nosferatu_1of5_20min_fps0_5\nosferatu_000444.png,,0,0,0.0,0.0,0.0,0,,
data\raw_frames\nosferatu_1of5_20min_fps0_5\nosferatu_000445.png,,0,0,0.0,0.0,0.0,0,,
data\raw_frames\nosferatu_1of5_20min_fps0_5\nosferatu_000446.png,,0,0,0.0,0.0,0.0,0,,
data\raw_frames\nosferatu_1of5_20min_fps0_5\nosferatu_000447.png,,0,0,0.0,0.0,0.0,0,,
data\raw_frames\nosferatu_1of5_20min_fps0_5\nosferatu_000448.png,,0,0,0.0,0.0,0.0,0,,
data\raw_frames\nosferatu_1of5_20min_fps0_5\nosferatu_000449.png,,0,0,0.0,0.0,0.0,0,,
data\raw_frames\nosferatu_1of5_20min_fps0_5\nosferatu_000450.png,,0,0,0.0,0.0,0.0,0,,
data\raw_frames\nosferatu_1of5_20min_fps0_5\nosferatu_000451.png,,0,0,0.0,0.0,0.0,0,,
data\raw_frames\nosferatu_1of5_20min_fps0_5\nosferatu_000452.png,,0,0,0.0,0.0,0.0,0,,
data\raw_frames\nosferatu_1of5_20min_fps0_5\nosferatu_000453.png,,0,0,0.0,0.0,0.0,0,,
data\raw_frames\nosferatu_1of5_20min_fps0_5\nosferatu_000454.png,,0,0,0.0,0.0,0.0,0,,
data\raw_frames\nosferatu_1of5_20min_fps0_5\nosferatu_000455.png,,0,0,0.0,0.0,0.0,0,,
data\raw_frames\nosferatu_1of5_20min_fps0_5\nosferatu_000456.png,,0,0,0.0,0.0,0.0,0,,
data\raw_frames\nosferatu_1of5_20min_fps0_5\nosferatu_000457.png,,0,0,0.0,0.0,0.0,0,,
data\raw_frames\nosferatu_1of5_20min_fps0_5\nosferatu_000458.png,,0,0,0.0,0.0,0.0,0,,
data\raw_frames\nosferatu_1of5_20min_fps0_5\nosferatu_000459.png,,0,0,0.0,0.0,0.0,0,,
data\raw_frames\nosferatu_1of5_20min_fps0_5\nosferatu_000460.png,,0,0,0.0,0.0,0.0,0,,
data\raw_frames\nosferatu_1of5_20min_fps0_5\nosferatu_000461.png,,0,0,0.0,0.0,0.0,0,,
data\raw_frames\nosferatu_1of5_20min_fps0_5\nosferatu_000462.png,,0,0,0.0,0.0,0.0,0,,
data\raw_frames\nosferatu_1of5_20min_fps0_5\nosferatu_000463.png,dangets that beasts can sense times not the recognize certain,52,10,0.7568,0.9651,0.39134,1,,
data\raw_frames\nosferatu_1of5_20min_fps0_5\nosferatu_000464.png,abways the Oangers that beasts can sense times: recognize cettain,55,10,0.7762,0.9761,0.41035,1,,
data\raw_frames\nosferatu_1of5_20min_fps0_5\nosferatu_000465.png,flen d0 always dangets that beasts can sense times not the recognize certain,64,13,0.6583,0.9907,0.48562,1,,
data\raw_frames\nosferatu_1of5_20min_fps0_5\nosferatu_000466.png,abways that beasts can times wot recognize seuse certain,48,9,0.6893,0.9676,0.33124,1,,
data\raw_frames\nosferatu_1of5_20min_fps0_5\nosferatu_000467.png,abways the Oangers that beasts can sense tites: not recognize cettain,58,11,0.6609,0.9579,0.43391,1,,
data\raw_frames\nosferatu_1of5_20min_fps0_5\nosferatu_000468.png,abways that beasts can sense a cet times: nt recognize tain,48,10,0.7952,0.9535,0.37202,1,,
data\raw_frames\nosferatu_1of5_20min_fps0_5\nosferatu_000469.png,,0,0,0.0,0.0,0.0,0,,
data\raw_frames\nosferatu_1of5_20min_fps0_5\nosferatu_000470.png,,0,0,0.0,0.0,0.0,0,,
data\raw_frames\nosferatu_1of5_20min_fps0_5\nosferatu_000471.png,,0,0,0.0,0.0,0.0,0,,
data\raw_frames\nosferatu_1of5_20min_fps0_5\nosferatu_000472.png,,0,0,0.0,0.0,0.0,0,,
data\raw_frames\nosferatu_1of5_20min_fps0_5\nosferatu_000473.png,,0,0,0.0,0.0,0.0,0,,
data\raw_frames\nosferatu_1of5_20min_fps0_5\nosferatu_000474.png,,0,0,0.0,0.0,0.0,0,,
data\raw_frames\nosferatu_1of5_20min_fps0_5\nosferatu_000475.png,,0,0,0.0,0.0,0.0,0,,
data\raw_frames\nosferatu_1of5_20min_fps0_5\nosferatu_000476.png,,0,0,0.0,0.0,0.0,0,,
data\raw_frames\nosferatu_1of5_20min_fps0_5\nosferatu_000477.png,,0,0,0.0,0.0,0.0,0,,
data\raw_frames\nosferatu_1of5_20min_fps0_5\nosferatu_000478.png,,0,0,0.0,0.0,0.0,0,,
data\raw_frames\nosferatu_1of5_20min_fps0_5\nosferatu_000479.png,,0,0,0.0,0.0,0.0,0,,
data\raw_frames\nosferatu_1of5_20min_fps0_5\nosferatu_000480.png,,0,0,0.0,0.0,0.0,0,,
data\raw_frames\nosferatu_1of5_20min_fps0_5\nosferatu_000481.png,,0,0,0.0,0.0,0.0,0,,
data\raw_frames\nosferatu_1of5_20min_fps0_5\nosferatu_000482.png,,0,0,0.0,0.0,0.0,0,,
data\raw_frames\nosferatu_1of5_20min_fps0_5\nosferatu_000483.png,,0,0,0.0,0.0,0.0,0,,
data\raw_frames\nosferatu_1of5_20min_fps0_5\nosferatu_000484.png,,0,0,0.0,0.0,0.0,0,,
data\raw_frames\nosferatu_1of5_20min_fps0_5\nosferatu_000485.png,,0,0,0.0,0.0,0.0,0,,
data\raw_frames\nosferatu_1of5_20min_fps0_5\nosferatu_000486.png,,0,0,0.0,0.0,0.0,0,,
data\raw_frames\nosferatu_1of5_20min_fps0_5\nosferatu_000487.png,,0,0,0.0,0.0,0.0,0,,
data\raw_frames\nosferatu_1of5_20min_fps0_5\nosferatu_000488.png,,0,0,0.0,0.0,0.0,0,,
data\raw_frames\nosferatu_1of5_20min_fps0_5\nosferatu_000489.png,,0,0,0.0,0.0,0.0,0,,
data\raw_frames\nosferatu_1of5_20min_fps0_5\nosferatu_000490.png,,0,0,0.0,0.0,0.0,0,,
data\raw_frames\nosferatu_1of5_20min_fps0_5\nosferatu_000491.png,,0,0,0.0,0.0,0.0,0,,
data\raw_frames\nosferatu_1of5_20min_fps0_5\nosferatu_000492.png,,0,0,0.0,0.0,0.0,0,,
data\raw_frames\nosferatu_1of5_20min_fps0_5\nosferatu_000493.png,,0,0,0.0,0.0,0.0,0,,
data\raw_frames\nosferatu_1of5_20min_fps0_5\nosferatu_000494.png,,0,0,0.0,0.0,0.0,0,,
data\raw_frames\nosferatu_1of5_20min_fps0_5\nosferatu_000495.png,,0,0,0.0,0.0,0.0,0,,
data\raw_frames\nosferatu_1of5_20min_fps0_5\nosferatu_000496.png,,0,0,0.0,0.0,0.0,0,,
data\raw_frames\nosferatu_1of5_20min_fps0_5\nosferatu_000497.png,,0,0,0.0,0.0,0.0,0,,
data\raw_frames\nosferatu_1of5_20min_fps0_5\nosferatu_000498.png,,0,0,0.0,0.0,0.0,0,,
data\raw_frames\nosferatu_1of5_20min_fps0_5\nosferatu_000499.png,,0,0,0.0,0.0,0.0,0,,
data\raw_frames\nosferatu_1of5_20min_fps0_5\nosferatu_000500.png,,0,0,0.0,0.0,0.0,0,,
data\raw_frames\nosferatu_1of5_20min_fps0_5\nosferatu_000501.png,,0,0,0.0,0.0,0.0,0,,
data\raw_frames\nosferatu_1of5_20min_fps0_5\nosferatu_000502.png,Hurry ! The sun will soon be setting!',28,7,0.7089,0.9858,0.12713,1,,
data\raw_frames\nosferatu_1of5_20min_fps0_5\nosferatu_000503.png,Hurry ! The sun will soon be setting!',28,7,0.708,0.7926,0.13442,1,,
data\raw_frames\nosferatu_1of5_20min_fps0_5\nosferatu_000504.png,Hurry ! The sun will soon be setting!',28,7,0.7813,0.9937,0.13089,1,,
data\raw_frames\nosferatu_1of5_20min_fps0_5\nosferatu_000505.png,,0,0,0.0,0.0,0.0,0,,
data\raw_frames\nosferatu_1of5_20min_fps0_5\nosferatu_000506.png,,0,0,0.0,0.0,0.0,0,,
data\raw_frames\nosferatu_1of5_20min_fps0_5\nosferatu_000507.png,,0,0,0.0,0.0,0.0,0,,
data\raw_frames\nosferatu_1of5_20min_fps0_5\nosferatu_000508.png,,0,0,0.0,0.0,0.0,0,,
data\raw_frames\nosferatu_1of5_20min_fps0_5\nosferatu_000509.png,,0,0,0.0,0.0,0.0,0,,
data\raw_frames\nosferatu_1of5_20min_fps0_5\nosferatu_000510.png,,0,0,0.0,0.0,0.0,0,,
data\raw_frames\nosferatu_1of5_20min_fps0_5\nosferatu_000511.png,,0,0,0.0,0.0,0.0,0,,
data\raw_frames\nosferatu_1of5_20min_fps0_5\nosferatu_000512.png,,0,0,0.0,0.0,0.0,0,,
data\raw_frames\nosferatu_1of5_20min_fps0_5\nosferatu_000513.png,,0,0,0.0,0.0,0.0,0,,
data\raw_frames\nosferatu_1of5_20min_fps0_5\nosferatu_000514.png,,0,0,0.0,0.0,0.0,0,,
data\raw_frames\nosferatu_1of5_20min_fps0_5\nosferatu_000515.png,,0,0,0.0,0.0,0.0,0,,
data\raw_frames\nosferatu_1of5_20min_fps0_5\nosferatu_000516.png,,0,0,0.0,0.0,0.0,0,,
data\raw_frames\nosferatu_1of5_20min_fps0_5\nosferatu_000517.png,,0,0,0.0,0.0,0.0,0,,
data\raw_frames\nosferatu_1of5_20min_fps0_5\nosferatu_000518.png,,0,0,0.0,0.0,0.0,0,,
data\raw_frames\nosferatu_1of5_20min_fps0_5\nosferatu_000519.png,,0,0,0.0,0.0,0.0,0,,
data\raw_frames\nosferatu_1of5_20min_fps0_5\nosferatu_000520.png,,0,0,0.0,0.0,0.0,0,,
data\raw_frames\nosferatu_1of5_20min_fps0_5\nosferatu_000521.png,,0,0,0.0,0.0,0.0,0,,
data\raw_frames\nosferatu_1of5_20min_fps0_5\nosferatu_000522.png,"We will go no further , sir . Noi for fortune /'",33,9,0.6932,0.7745,0.15157,1,,
data\raw_frames\nosferatu_1of5_20min_fps0_5\nosferatu_000523.png,"We will go no further , sir , Not for fortune",33,9,0.8159,0.9994,0.13315,1,,
data\raw_frames\nosferatu_1of5_20min_fps0_5\nosferatu_000524.png,"We will go no further, sir . Not for fortune/'",33,9,0.7799,0.8523,0.15384,1,,
data\raw_frames\nosferatu_1of5_20min_fps0_5\nosferatu_000525.png,"We will go no further, sir . Not for fortune!'",33,9,0.8249,0.9963,0.13925,1,,
data\raw_frames\nosferatu_1of5_20min_fps0_5\nosferatu_000526.png,,0,0,0.0,0.0,0.0,0,,
data\raw_frames\nosferatu_1of5_20min_fps0_5\nosferatu_000527.png,,0,0,0.0,0.0,0.0,0,,
data\raw_frames\nosferatu_1of5_20min_fps0_5\nosferatu_000528.png,,0,0,0.0,0.0,0.0,0,,
data\raw_frames\nosferatu_1of5_20min_fps0_5\nosferatu_000529.png,,0,0,0.0,0.0,0.0,0,,
data\raw_frames\nosferatu_1of5_20min_fps0_5\nosferatu_000530.png,We will go no further . Here ins the land of phantoms beg',44,12,0.8648,0.9998,0.19413,1,,
data\raw_frames\nosferatu_1of5_20min_fps0_5\nosferatu_000531.png,We will go no further. begins the land of phantoms Here,44,11,0.9022,0.9954,0.19626,1,,
data\raw_frames\nosferatu_1of5_20min_fps0_5\nosferatu_000532.png,We will go no further . Here jins the land of phantoms beg',45,12,0.8043,0.9919,0.18952,1,,
data\raw_frames\nosferatu_1of5_20min_fps0_5\nosferatu_000533.png,We will go no further . Here begins the land of phant Iloms,46,12,0.8259,0.9991,0.18851,1,,
data\raw_frames\nosferatu_1of5_20min_fps0_5\nosferatu_000534.png,,0,0,0.0,0.0,0.0,0,,
data\raw_frames\nosferatu_1of5_20min_fps0_5\nosferatu_000535.png,,0,0,0.0,0.0,0.0,0,,
data\raw_frames\nosferatu_1of5_20min_fps0_5\nosferatu_000536.png,,0,0,0.0,0.0,0.0,0,,
data\raw_frames\nosferatu_1of5_20min_fps0_5\nosferatu_000537.png,,0,0,0.0,0.0,0.0,0,,
data\raw_frames\nosferatu_1of5_20min_fps0_5\nosferatu_000538.png,,0,0,0.0,0.0,0.0,0,,
data\raw_frames\nosferatu_1of5_20min_fps0_5\nosferatu_000539.png,,0,0,0.0,0.0,0.0,0,,
data\raw_frames\nosferatu_1of5_20min_fps0_5\nosferatu_000540.png,,0,0,0.0,0.0,0.0,0,,
data\raw_frames\nosferatu_1of5_20min_fps0_5\nosferatu_000541.png,,0,0,0.0,0.0,0.0,0,,
data\raw_frames\nosferatu_1of5_20min_fps0_5\nosferatu_000542.png,,0,0,0.0,0.0,0.0,0,,
data\raw_frames\nosferatu_1of5_20min_fps0_5\nosferatu_000543.png,,0,0,0.0,0.0,0.0,0,,
data\raw_frames\nosferatu_1of5_20min_fps0_5\nosferatu_000544.png,,0,0,0.0,0.0,0.0,0,,
data\raw_frames\nosferatu_1of5_20min_fps0_5\nosferatu_000545.png,,0,0,0.0,0.0,0.0,0,,
data\raw_frames\nosferatu_1of5_20min_fps0_5\nosferatu_000546.png,,0,0,0.0,0.0,0.0,0,,
data\raw_frames\nosferatu_1of5_20min_fps0_5\nosferatu_000547.png,"And when he had crossed the the phantoms came to meet him:' bridge ,",52,13,0.8582,0.9998,0.2335,1,,
data\raw_frames\nosferatu_1of5_20min_fps0_5\nosferatu_000548.png,"And when he had the the phantoms came to meet him ' crossed bridge ,",52,13,0.8732,1.0,0.21451,1,,
data\raw_frames\nosferatu_1of5_20min_fps0_5\nosferatu_000549.png,"And when he had the the phantoms came to crossed bridge , meet",49,12,0.9505,1.0,0.20586,1,,
data\raw_frames\nosferatu_1of5_20min_fps0_5\nosferatu_000550.png,"And when he had crossed the the phantoms came to bridge , meet",49,12,0.8838,1.0,0.20684,1,,
data\raw_frames\nosferatu_1of5_20min_fps0_5\nosferatu_000551.png,,0,0,0.0,0.0,0.0,0,,
data\raw_frames\nosferatu_1of5_20min_fps0_5\nosferatu_000552.png,,0,0,0.0,0.0,0.0,0,,
data\raw_frames\nosferatu_1of5_20min_fps0_5\nosferatu_000553.png,,0,0,0.0,0.0,0.0,0,,
data\raw_frames\nosferatu_1of5_20min_fps0_5\nosferatu_000554.png,,0,0,0.0,0.0,0.0,0,,
data\raw_frames\nosferatu_1of5_20min_fps0_5\nosferatu_000555.png,,0,0,0.0,0.0,0.0,0,,
data\raw_frames\nosferatu_1of5_20min_fps0_5\nosferatu_000556.png,,0,0,0.0,0.0,0.0,0,,
data\raw_frames\nosferatu_1of5_20min_fps0_5\nosferatu_000557.png,,0,0,0.0,0.0,0.0,0,,
data\raw_frames\nosferatu_1of5_20min_fps0_5\nosferatu_000558.png,,0,0,0.0,0.0,0.0,0,,
data\raw_frames\nosferatu_1of5_20min_fps0_5\nosferatu_000559.png,,0,0,0.0,0.0,0.0,0,,
data\raw_frames\nosferatu_1of5_20min_fps0_5\nosferatu_000560.png,,0,0,0.0,0.0,0.0,0,,
data\raw_frames\nosferatu_1of5_20min_fps0_5\nosferatu_000561.png,,0,0,0.0,0.0,0.0,0,,
data\raw_frames\nosferatu_1of5_20min_fps0_5\nosferatu_000562.png,,0,0,0.0,0.0,0.0,0,,
data\raw_frames\nosferatu_1of5_20min_fps0_5\nosferatu_000563.png,,0,0,0.0,0.0,0.0,0,,
data\raw_frames\nosferatu_1of5_20min_fps0_5\nosferatu_000564.png,,0,0,0.0,0.0,0.0,0,,
data\raw_frames\nosferatu_1of5_20min_fps0_5\nosferatu_000565.png,,0,0,0.0,0.0,0.0,0,,
data\raw_frames\nosferatu_1of5_20min_fps0_5\nosferatu_000566.png,,0,0,0.0,0.0,0.0,0,,
data\raw_frames\nosferatu_1of5_20min_fps0_5\nosferatu_000567.png,,0,0,0.0,0.0,0.0,0,,
data\raw_frames\nosferatu_1of5_20min_fps0_5\nosferatu_000568.png,,0,0,0.0,0.0,0.0,0,,
data\raw_frames\nosferatu_1of5_20min_fps0_5\nosferatu_000569.png,,0,0,0.0,0.0,0.0,0,,
data\raw_frames\nosferatu_1of5_20min_fps0_5\nosferatu_000570.png,,0,0,0.0,0.0,0.0,0,,
data\raw_frames\nosferatu_1of5_20min_fps0_5\nosferatu_000571.png,,0,0,0.0,0.0,0.0,0,,
data\raw_frames\nosferatu_1of5_20min_fps0_5\nosferatu_000572.png,,0,0,0.0,0.0,0.0,0,,
data\raw_frames\nosferatu_1of5_20min_fps0_5\nosferatu_000573.png,,0,0,0.0,0.0,0.0,0,,
data\raw_frames\nosferatu_1of5_20min_fps0_5\nosferatu_000574.png,,0,0,0.0,0.0,0.0,0,,
data\raw_frames\nosferatu_1of5_20min_fps0_5\nosferatu_000575.png,,0,0,0.0,0.0,0.0,0,,
data\raw_frames\nosferatu_1of5_20min_fps0_5\nosferatu_000576.png,,0,0,0.0,0.0,0.0,0,,
data\raw_frames\nosferatu_1of5_20min_fps0_5\nosferatu_000577.png,,0,0,0.0,0.0,0.0,0,,
data\raw_frames\nosferatu_1of5_20min_fps0_5\nosferatu_000578.png,,0,0,0.0,0.0,0.0,0,,
data\raw_frames\nosferatu_1of5_20min_fps0_5\nosferatu_000579.png,,0,0,0.0,0.0,0.0,0,,
data\raw_frames\nosferatu_1of5_20min_fps0_5\nosferatu_000580.png,,0,0,0.0,0.0,0.0,0,,
data\raw_frames\nosferatu_1of5_20min_fps0_5\nosferatu_000581.png,,0,0,0.0,0.0,0.0,0,,
data\raw_frames\nosferatu_1of5_20min_fps0_5\nosferatu_000582.png,,0,0,0.0,0.0,0.0,0,,
data\raw_frames\nosferatu_1of5_20min_fps0_5\nosferatu_000583.png,,0,0,0.0,0.0,0.0,0,,
data\raw_frames\nosferatu_1of5_20min_fps0_5\nosferatu_000584.png,,0,0,0.0,0.0,0.0,0,,
data\raw_frames\nosferatu_1of5_20min_fps0_5\nosferatu_000585.png,,0,0,0.0,0.0,0.0,0,,
data\raw_frames\nosferatu_1of5_20min_fps0_5\nosferatu_000586.png,,0,0,0.0,0.0,0.0,0,,
data\raw_frames\nosferatu_1of5_20min_fps0_5\nosferatu_000587.png,,0,0,0.0,0.0,0.0,0,,
data\raw_frames\nosferatu_1of5_20min_fps0_5\nosferatu_000588.png,,0,0,0.0,0.0,0.0,0,,
data\raw_frames\nosferatu_1of5_20min_fps0_5\nosferatu_000589.png,,0,0,0.0,0.0,0.0,0,,
data\raw_frames\nosferatu_1of5_20min_fps0_5\nosferatu_000590.png,,0,0,0.0,0.0,0.0,0,,
data\raw_frames\nosferatu_1of5_20min_fps0_5\nosferatu_000591.png,,0,0,0.0,0.0,0.0,0,,
data\raw_frames\nosferatu_1of5_20min_fps0_5\nosferatu_000592.png,,0,0,0.0,0.0,0.0,0,,
data\raw_frames\nosferatu_1of5_20min_fps0_5\nosferatu_000593.png,,0,0,0.0,0.0,0.0,0,,
data\raw_frames\nosferatu_1of5_20min_fps0_5\nosferatu_000594.png,,0,0,0.0,0.0,0.0,0,,
data\raw_frames\nosferatu_1of5_20min_fps0_5\nosferatu_000595.png,,0,0,0.0,0.0,0.0,0,,
