frame_path,dark_fraction,bright_fraction,mid_fraction,contrast,component_count,component_density,title_card_score,auto_title_card,manual_keep,manual_notes
data\raw_frames\nosferatu_1of5_20min_fps0_5\nosferatu_000001.png,0.8909239523405326,0.00804803671916753,0.06943946681756735,0.15009404883028643,9,0.565877581816467,3,0,,
data\raw_frames\nosferatu_1of5_20min_fps0_5\nosferatu_000002.png,0.8995378666415166,0.011248388820773995,0.056059605771951335,0.1495911750570048,14,0.8802540161589487,3,0,,
data\raw_frames\nosferatu_1of5_20min_fps0_5\nosferatu_000003.png,0.8938853783520387,0.01629727435631425,0.05629224433336477,0.149527044038376,16,1.0060045898959413,5,0,,
data\raw_frames\nosferatu_1of5_20min_fps0_5\nosferatu_000004.png,0.8806124052940991,0.015630796315508188,0.07008079474362602,0.1551993301104779,15,0.943129303027445,5,0,,
data\raw_frames\nosferatu_1of5_20min_fps0_5\nosferatu_000005.png,0.878983935364205,0.011770253701782514,0.07484045395957119,0.15044398925952912,9,0.565877581816467,3,0,,
data\raw_frames\nosferatu_1of5_20min_fps0_5\nosferatu_000006.png,0.9999937124713132,0.0,0.0,0.0029804245744090574,0,0.0,3,0,,
data\raw_frames\nosferatu_1of5_20min_fps0_5\nosferatu_000007.png,0.9435379923920902,0.0,0.020220692256908424,0.035593060278360164,0,0.0,3,0,,
data\raw_frames\nosferatu_1of5_20min_fps0_5\nosferatu_000008.png,0.7747492847936118,0.021176396617309568,0.1296802791662737,0.1971617389091989,64,4.024018359583765,9,1,,
data\raw_frames\nosferatu_1of5_20min_fps0_5\nosferatu_000009.png,0.7897198905970009,0.010921437329057813,0.13180546386242886,0.18779147494919995,46,2.8922631959508314,7,1,,
data\raw_frames\nosferatu_1of5_20min_fps0_5\nosferatu_000010.png,0.7816278411770253,0.010663648652896979,0.13764029048382534,0.18973938577366373,49,3.0808890565563205,7,1,,
data\raw_frames\nosferatu_1of5_20min_fps0_5\nosferatu_000011.png,0.7855764091923669,0.015718821717124083,0.13078688421515924,0.19190874515243936,56,3.521016064635795,9,1,,
data\raw_frames\nosferatu_1of5_20min_fps0_5\nosferatu_000012.png,0.7833003238077274,0.02421327297305794,0.12511553333962086,0.19828482069967732,73,4.589895941400233,9,1,,
data\raw_frames\nosferatu_1of5_20min_fps0_5\nosferatu_000013.png,0.7855764091923669,0.027589675877896194,0.12068282561539187,0.20061245936084576,81,5.092898236348203,9,1,,
data\raw_frames\nosferatu_1of5_20min_fps0_5\nosferatu_000014.png,0.7718192964255399,0.03964915589927379,0.1211543902669056,0.21126096820039053,93,5.847401678770159,9,1,,
data\raw_frames\nosferatu_1of5_20min_fps0_5\nosferatu_000015.png,1.0,0.0,0.0,0.003539424645646087,0,0.0,3,0,,
data\raw_frames\nosferatu_1of5_20min_fps0_5\nosferatu_000016.png,0.8817630230437926,3.77251721210978e-05,0.09133264170517778,0.10629427408156518,0,0.0,3,0,,
data\raw_frames\nosferatu_1of5_20min_fps0_5\nosferatu_000017.png,0.8643780062246534,0.0005281524096953693,0.10766764123361312,0.13444419265167187,1,0.06287528686849633,3,0,,
data\raw_frames\nosferatu_1of5_20min_fps0_5\nosferatu_000018.png,0.8596937973529504,0.002093747052720928,0.10673079945927254,0.14850809898736037,9,0.565877581816467,3,0,,
data\raw_frames\nosferatu_1of5_20min_fps0_5\nosferatu_000019.png,0.8601150617749693,0.0036279040523122387,0.10271306862837562,0.15167375267689714,18,1.131755163632934,3,0,,
data\raw_frames\nosferatu_1of5_20min_fps0_5\nosferatu_000020.png,0.859498883963658,0.004728221572510924,0.10207174070231695,0.15306014195389492,27,1.6976327454494011,5,0,,
data\raw_frames\nosferatu_1of5_20min_fps0_5\nosferatu_000021.png,0.855110188940237,0.00497343519129806,0.1037882360338269,0.15563680846795627,28,1.7605080323178974,5,0,,
data\raw_frames\nosferatu_1of5_20min_fps0_5\nosferatu_000022.png,0.844157313967745,0.001854820962620642,0.1192429815461033,0.1513925891904383,14,0.8802540161589487,3,0,,
data\raw_frames\nosferatu_1of5_20min_fps0_5\nosferatu_000023.png,0.8323744852085888,0.008110912006036027,0.1168348580590399,0.1691065055468796,54,3.3952654908988023,6,1,,
data\raw_frames\nosferatu_1of5_20min_fps0_5\nosferatu_000024.png,0.8316577069382879,0.002244647741205319,0.1281335471093087,0.15861264398238126,13,0.8173787292904524,3,0,,
data\raw_frames\nosferatu_1of5_20min_fps0_5\nosferatu_000025.png,0.8249803514728536,0.001270080794743626,0.13714357571756422,0.15516227545040176,0,0.0,3,0,,
data\raw_frames\nosferatu_1of5_20min_fps0_5\nosferatu_000026.png,0.8314062057908139,0.003822817441604577,0.12380143984406929,0.16391182985796482,29,1.8233833191863937,5,0,,
data\raw_frames\nosferatu_1of5_20min_fps0_5\nosferatu_000027.png,0.8213084347197334,0.01358734949228206,0.11658964444025276,0.1798320382093435,91,5.721651105033167,6,1,,
data\raw_frames\nosferatu_1of5_20min_fps0_5\nosferatu_000028.png,0.8038605426137256,0.010141783771888459,0.13602439561130497,0.1821417671348199,52,3.2695149171618096,7,1,,
data\raw_frames\nosferatu_1of5_20min_fps0_5\nosferatu_000029.png,0.8230940928667987,0.004753371687258323,0.12751736929799742,0.1680003253349716,38,2.389260901002861,6,1,,
data\raw_frames\nosferatu_1of5_20min_fps0_5\nosferatu_000030.png,0.81626583671288,0.005583325473922475,0.13178031374768148,0.17146170996852378,43,2.7036373353453422,6,1,,
data\raw_frames\nosferatu_1of5_20min_fps0_5\nosferatu_000031.png,0.8259171932471941,0.006589330063818416,0.12302807381558678,0.16920152926118498,49,3.0808890565563205,6,1,,
data\raw_frames\nosferatu_1of5_20min_fps0_5\nosferatu_000032.png,0.8088842780345186,0.0044704328963500895,0.1400044012700808,0.17305880271020724,34,2.1377597535288753,6,1,,
data\raw_frames\nosferatu_1of5_20min_fps0_5\nosferatu_000033.png,0.8313873432047534,0.004168631519381307,0.12266339715174951,0.1631834751598856,28,1.7605080323178974,5,0,,
data\raw_frames\nosferatu_1of5_20min_fps0_5\nosferatu_000034.png,0.8392153164198811,0.002370398314942312,0.12139331635700588,0.153515651650096,15,0.943129303027445,3,0,,
data\raw_frames\nosferatu_1of5_20min_fps0_5\nosferatu_000035.png,0.8282184287465811,0.00446414536766324,0.12661825269577792,0.16510392692437975,32,2.0120091797918827,6,1,,
data\raw_frames\nosferatu_1of5_20min_fps0_5\nosferatu_000036.png,0.8576314879436637,0.002093747052720928,0.10796944261058192,0.14753454491953524,11,0.6916281555534597,3,0,,
data\raw_frames\nosferatu_1of5_20min_fps0_5\nosferatu_000037.png,0.827470212832846,0.003244364802414411,0.12788833349052156,0.16318109029023303,20,1.2575057373699268,5,0,,
data\raw_frames\nosferatu_1of5_20min_fps0_5\nosferatu_000038.png,0.838467100506146,0.004916847433116414,0.1150114747398535,0.16133868442216834,36,2.263510327265868,6,1,,
data\raw_frames\nosferatu_1of5_20min_fps0_5\nosferatu_000039.png,0.8503253796095445,0.0027539375648401396,0.11179226005218648,0.1515776944743824,14,0.8802540161589487,3,0,,
data\raw_frames\nosferatu_1of5_20min_fps0_5\nosferatu_000040.png,0.850928982363482,0.001804520733125845,0.11313779119117232,0.14863363597528823,8,0.5030022949479707,3,0,,
data\raw_frames\nosferatu_1of5_20min_fps0_5\nosferatu_000041.png,0.8446037285045113,0.0035147285359489453,0.11189914803986294,0.1582961756927451,25,1.5718821717124083,5,0,,
data\raw_frames\nosferatu_1of5_20min_fps0_5\nosferatu_000042.png,0.8470873023358169,0.005250086453519444,0.10858562042189318,0.1590469833526411,36,2.263510327265868,6,1,,
data\raw_frames\nosferatu_1of5_20min_fps0_5\nosferatu_000043.png,0.8530478795309504,0.002112609638781477,0.11109434436794619,0.1479526235699329,8,0.5030022949479707,3,0,,
data\raw_frames\nosferatu_1of5_20min_fps0_5\nosferatu_000044.png,0.8498098022572228,0.0028734006098902827,0.11108805683925933,0.1524848514962663,17,1.0688798767644376,3,0,,
data\raw_frames\nosferatu_1of5_20min_fps0_5\nosferatu_000045.png,0.9999182621270709,0.0,4.401270080794744e-05,0.005119869230907051,0,0.0,3,0,,
data\raw_frames\nosferatu_1of5_20min_fps0_5\nosferatu_000046.png,1.0,0.0,0.0,0.004523895035550904,0,0.0,3,0,,
data\raw_frames\nosferatu_1of5_20min_fps0_5\nosferatu_000047.png,0.7660787827344462,0.020057216511050333,0.14553113898582162,0.20337800690617291,121,7.607909711088056,9,1,,
data\raw_frames\nosferatu_1of5_20min_fps0_5\nosferatu_000048.png,0.7577918199251784,0.028570530353044736,0.14375805589613003,0.21190037829569125,140,8.802540161589487,9,1,,
data\raw_frames\nosferatu_1of5_20min_fps0_5\nosferatu_000049.png,0.7624823163255683,0.027382187431230155,0.14192209751956994,0.20942357272472542,138,8.676789587852495,9,1,,
data\raw_frames\nosferatu_1of5_20min_fps0_5\nosferatu_000050.png,0.7658084190009117,0.028218428746581155,0.13981577540947532,0.20876352512775093,127,7.9851614322990345,9,1,,
data\raw_frames\nosferatu_1of5_20min_fps0_5\nosferatu_000051.png,0.7476688987393505,0.03197208337263039,0.14575120248986137,0.2099214565309712,145,9.116916595931968,9,1,,
data\raw_frames\nosferatu_1of5_20min_fps0_5\nosferatu_000052.png,0.7540004401270081,0.02349649470275708,0.14985067119368733,0.20505424909386935,126,7.922286145430538,9,1,,
data\raw_frames\nosferatu_1of5_20min_fps0_5\nosferatu_000053.png,0.7439403942280487,0.0377503222358452,0.14551856392844792,0.21643272134984717,146,9.179791882800465,9,1,,
data\raw_frames\nosferatu_1of5_20min_fps0_5\nosferatu_000054.png,0.7544720047785218,0.021478197994278348,0.1484674148825804,0.20213080719963425,127,7.9851614322990345,9,1,,
data\raw_frames\nosferatu_1of5_20min_fps0_5\nosferatu_000055.png,0.754170203401553,0.02505580181709579,0.14621647961268824,0.2055044378557223,124,7.796535571693545,9,1,,
data\raw_frames\nosferatu_1of5_20min_fps0_5\nosferatu_000056.png,0.7488698167185388,0.02714326134112987,0.149152755509447,0.2088359776001627,140,8.802540161589487,9,1,,
data\raw_frames\nosferatu_1of5_20min_fps0_5\nosferatu_000057.png,1.0,0.0,0.0,0.003368432012180723,0,0.0,3,0,,
data\raw_frames\nosferatu_1of5_20min_fps0_5\nosferatu_000058.png,0.8096450690056274,0.014046339086422081,0.12080228866044201,0.18358346454355595,102,6.413279260586626,7,1,,
data\raw_frames\nosferatu_1of5_20min_fps0_5\nosferatu_000059.png,0.8097142318211827,0.023766858436291616,0.11291144015844572,0.1905212884655125,118,7.419283850482568,9,1,,
data\raw_frames\nosferatu_1of5_20min_fps0_5\nosferatu_000060.png,0.8073123958628061,0.023653682919928323,0.11506806249803515,0.19088412237169297,117,7.356408563614071,9,1,,
data\raw_frames\nosferatu_1of5_20min_fps0_5\nosferatu_000061.png,0.8027036373353453,0.032669999056870694,0.11215064918733691,0.20008872612993409,125,7.859410858562042,9,1,,
data\raw_frames\nosferatu_1of5_20min_fps0_5\nosferatu_000062.png,0.8059039894369519,0.02728787450092741,0.11385456946147317,0.19556833787620131,119,7.482159137351064,9,1,,
data\raw_frames\nosferatu_1of5_20min_fps0_5\nosferatu_000063.png,0.8015593071143388,0.029670847873243422,0.11394888239177592,0.19689319777264733,125,7.859410858562042,9,1,,
data\raw_frames\nosferatu_1of5_20min_fps0_5\nosferatu_000064.png,0.8165676380898488,0.01925241283913358,0.11128925775723851,0.18534518336651415,112,7.04203212927159,9,1,,
data\raw_frames\nosferatu_1of5_20min_fps0_5\nosferatu_000065.png,0.8155364833852055,0.013669087365211104,0.11729384765317992,0.18159009693178255,100,6.287528686849633,7,1,,
data\raw_frames\nosferatu_1of5_20min_fps0_5\nosferatu_000066.png,0.809827407337546,0.02180514948599453,0.11388600710490741,0.18844674801783265,117,7.356408563614071,9,1,,
data\raw_frames\nosferatu_1of5_20min_fps0_5\nosferatu_000067.png,0.8119022918042064,0.020484768461756106,0.11364708101480712,0.18766004403803122,114,7.167782703008582,9,1,,
data\raw_frames\nosferatu_1of5_20min_fps0_5\nosferatu_000068.png,0.9665251972712126,0.0,0.018460184224590524,0.03883639183518132,0,0.0,3,0,,
data\raw_frames\nosferatu_1of5_20min_fps0_5\nosferatu_000069.png,0.5612939734037536,0.08723317300135182,0.22424471061649218,0.2656883586792214,21,1.320381024238423,6,1,,
data\raw_frames\nosferatu_1of5_20min_fps0_5\nosferatu_000070.png,0.47370869879593824,0.09744411958879562,0.27407337545977556,0.26868700159197295,25,1.5718821717124083,6,1,,
data\raw_frames\nosferatu_1of5_20min_fps0_5\nosferatu_000071.png,0.9879530950359962,0.0,0.0036467666383727874,0.017541658061316204,0,0.0,3,0,,
data\raw_frames\nosferatu_1of5_20min_fps0_5\nosferatu_000072.png,0.21932786318337577,0.3825583954226791,0.23346222767141375,0.368706353863873,6,0.377251721210978,4,0,,
data\raw_frames\nosferatu_1of5_20min_fps0_5\nosferatu_000073.png,0.18940551416265836,0.37791191172309724,0.247125027507938,0.3521155984483573,7,0.44012700807947436,4,0,,
data\raw_frames\nosferatu_1of5_20min_fps0_5\nosferatu_000074.png,0.39881165707818544,0.22826872897607595,0.21340501116036342,0.3270546140441106,7,0.44012700807947436,4,0,,
data\raw_frames\nosferatu_1of5_20min_fps0_5\nosferatu_000075.png,0.1752334245024993,0.28403282089974535,0.35005815964035336,0.3082642580170139,15,0.943129303027445,3,0,,
data\raw_frames\nosferatu_1of5_20min_fps0_5\nosferatu_000076.png,0.4610204659058757,0.05458832405922852,0.2926152975572951,0.20842532744984316,13,0.8173787292904524,3,0,,
data\raw_frames\nosferatu_1of5_20min_fps0_5\nosferatu_000077.png,0.562488603854255,0.03879405199786224,0.19596969411172938,0.18860217326063625,6,0.377251721210978,4,0,,
data\raw_frames\nosferatu_1of5_20min_fps0_5\nosferatu_000078.png,0.14981294602156622,0.09395454116759408,0.4683391492973687,0.23955830782673407,44,2.7665126222138388,6,1,,
data\raw_frames\nosferatu_1of5_20min_fps0_5\nosferatu_000079.png,0.06366122795435254,0.15726366751548304,0.5367977616397874,0.24684738393748792,49,3.0808890565563205,6,1,,
data\raw_frames\nosferatu_1of5_20min_fps0_5\nosferatu_000080.png,0.3630104687352636,0.057556037599421545,0.3435882926215851,0.23844082451687634,50,3.1437643434248166,6,1,,
data\raw_frames\nosferatu_1of5_20min_fps0_5\nosferatu_000081.png,0.2350529724291867,0.07747492847936119,0.40884655286239746,0.24058996452536563,39,2.452136187871357,6,1,,
data\raw_frames\nosferatu_1of5_20min_fps0_5\nosferatu_000082.png,0.2366374296582728,0.09714860574051369,0.4148951554591468,0.2449761903250339,108,6.7905309817976045,6,1,,
data\raw_frames\nosferatu_1of5_20min_fps0_5\nosferatu_000083.png,0.28949039579993086,0.062340846930114116,0.4068785563834135,0.22122878807685487,92,5.784526391901663,6,1,,
data\raw_frames\nosferatu_1of5_20min_fps0_5\nosferatu_000084.png,0.38197994278348896,0.04216416737401364,0.36526769153384264,0.21175964606427794,75,4.715646515137225,6,1,,
data\raw_frames\nosferatu_1of5_20min_fps0_5\nosferatu_000085.png,0.2809707944292496,0.07320569650099029,0.42095633311326985,0.2322313459198099,89,5.595900531296174,6,1,,
data\raw_frames\nosferatu_1of5_20min_fps0_5\nosferatu_000086.png,0.8756766952749222,0.007010594485837342,0.07164010185796472,0.10951586203196643,13,0.8173787292904524,3,0,,
data\raw_frames\nosferatu_1of5_20min_fps0_5\nosferatu_000087.png,0.5955610047470842,0.01769310572479487,0.2229809173504354,0.17494497454625446,10,0.6287528686849634,3,0,,
data\raw_frames\nosferatu_1of5_20min_fps0_5\nosferatu_000088.png,0.33816215536483385,0.0,0.278820459618347,0.08650056877953116,0,0.0,1,0,,
data\raw_frames\nosferatu_1of5_20min_fps0_5\nosferatu_000089.png,0.07391618724260429,0.01134270175107674,0.5264547769499198,0.12599270402254223,7,0.44012700807947436,0,0,,
data\raw_frames\nosferatu_1of5_20min_fps0_5\nosferatu_000090.png,0.04154798956270238,0.05057688075701845,0.7199974849885252,0.17141045140522856,4,0.25150114747398533,2,0,,
data\raw_frames\nosferatu_1of5_20min_fps0_5\nosferatu_000091.png,0.48705083466943316,0.012663082775315162,0.3269263416014336,0.19928787629180453,13,0.8173787292904524,1,0,,
data\raw_frames\nosferatu_1of5_20min_fps0_5\nosferatu_000092.png,0.04163601496431828,0.070206545317363,0.6936024395611305,0.1919113093170801,15,0.943129303027445,3,0,,
data\raw_frames\nosferatu_1of5_20min_fps0_5\nosferatu_000093.png,0.258247665754975,0.047477129114401585,0.3174950485711591,0.1823219801246767,5,0.3143764343424817,3,0,,
data\raw_frames\nosferatu_1of5_20min_fps0_5\nosferatu_000094.png,0.1176082240875224,0.056933572259423436,0.5728253010154358,0.18956291776252063,4,0.25150114747398533,3,0,,
data\raw_frames\nosferatu_1of5_20min_fps0_5\nosferatu_000095.png,0.13162312553051023,0.04677292590147442,0.5147411110063189,0.18478742252064875,10,0.6287528686849634,3,0,,
data\raw_frames\nosferatu_1of5_20min_fps0_5\nosferatu_000096.png,0.09814203527303593,0.10018548209626206,0.5299946556006162,0.22976355001850246,8,0.5030022949479707,3,0,,
data\raw_frames\nosferatu_1of5_20min_fps0_5\nosferatu_000097.png,0.363746109591625,0.03380175422050363,0.4032066396302933,0.22823780600320165,21,1.320381024238423,5,0,,
data\raw_frames\nosferatu_1of5_20min_fps0_5\nosferatu_000098.png,0.17944606872268853,0.01751705492156308,0.5678644408815116,0.19303601476692997,24,1.509006884843912,5,0,,
data\raw_frames\nosferatu_1of5_20min_fps0_5\nosferatu_000099.png,0.00908547895249772,0.08305825395328366,0.6544688610141783,0.21736440345240332,28,1.7605080323178974,5,0,,
data\raw_frames\nosferatu_1of5_20min_fps0_5\nosferatu_000100.png,0.29552013581061964,0.04256656920997202,0.45729196139457384,0.22347757049611713,29,1.8233833191863937,5,0,,
data\raw_frames\nosferatu_1of5_20min_fps0_5\nosferatu_000101.png,0.23141249331950078,0.06456034455657204,0.4726586815052344,0.23077302041093803,24,1.509006884843912,5,0,,
data\raw_frames\nosferatu_1of5_20min_fps0_5\nosferatu_000102.png,0.11531327611682228,0.05426137256751234,0.5581061963595209,0.21579688235472735,32,2.0120091797918827,6,1,,
data\raw_frames\nosferatu_1of5_20min_fps0_5\nosferatu_000103.png,0.422955767235688,0.03918387877644692,0.3605017447892106,0.20917847534868717,14,0.8802540161589487,3,0,,
data\raw_frames\nosferatu_1of5_20min_fps0_5\nosferatu_000104.png,0.4121223553082461,0.09488509541324783,0.26588072558081044,0.24985264782007197,6,0.377251721210978,4,0,,
data\raw_frames\nosferatu_1of5_20min_fps0_5\nosferatu_000105.png,0.3230846615737684,0.08903769373447766,0.293495551573454,0.24079570227458008,14,0.8802540161589487,3,0,,
data\raw_frames\nosferatu_1of5_20min_fps0_5\nosferatu_000106.png,0.44886667295419536,0.08472444905529881,0.2682699864818133,0.24407382352271625,19,1.1946304505014305,4,0,,
data\raw_frames\nosferatu_1of5_20min_fps0_5\nosferatu_000107.png,0.43915244113301266,0.08709484737024113,0.2608444151026439,0.2553531703318149,19,1.1946304505014305,4,0,,
data\raw_frames\nosferatu_1of5_20min_fps0_5\nosferatu_000108.png,0.313904869690968,0.05729196139457386,0.38619887453236507,0.23063696484992824,23,1.4461315979754157,5,0,,
data\raw_frames\nosferatu_1of5_20min_fps0_5\nosferatu_000109.png,0.16727341318494765,0.04629507372127385,0.4091420667106794,0.21425602646457995,18,1.131755163632934,3,0,,
data\raw_frames\nosferatu_1of5_20min_fps0_5\nosferatu_000110.png,0.9343393379232293,0.005143198465843,0.04333364770976768,0.0961513585073887,3,0.188625860605489,3,0,,
data\raw_frames\nosferatu_1of5_20min_fps0_5\nosferatu_000111.png,0.26472382030243014,0.15176836744317646,0.32139331635700585,0.27734963652091277,20,1.2575057373699268,5,0,,
data\raw_frames\nosferatu_1of5_20min_fps0_5\nosferatu_000112.png,0.17011537615140368,0.16949919834009242,0.40123864315130936,0.28152036546568315,19,1.1946304505014305,3,0,,
data\raw_frames\nosferatu_1of5_20min_fps0_5\nosferatu_000113.png,0.2446666037913798,0.1570813291835644,0.3277248577446635,0.27984016326769345,23,1.4461315979754157,5,0,,
data\raw_frames\nosferatu_1of5_20min_fps0_5\nosferatu_000114.png,0.2195102015152944,0.14766261121066365,0.3516426168694395,0.26932233567647496,24,1.509006884843912,5,0,,
data\raw_frames\nosferatu_1of5_20min_fps0_5\nosferatu_000115.png,0.3722468483762457,0.14296582728158697,0.2495708761671225,0.27201568621026034,18,1.131755163632934,4,0,,
data\raw_frames\nosferatu_1of5_20min_fps0_5\nosferatu_000116.png,0.41251846961551764,0.13279260586626426,0.24394982552107894,0.273615967954513,21,1.320381024238423,6,1,,
data\raw_frames\nosferatu_1of5_20min_fps0_5\nosferatu_000117.png,0.927284730736584,6.287528686849634e-06,0.056952434845483985,0.10120411045478485,0,0.0,3,0,,
data\raw_frames\nosferatu_1of5_20min_fps0_5\nosferatu_000118.png,0.9192995693042849,1.88625860605489e-05,0.05896444402527586,0.09926457354805124,0,0.0,3,0,,
data\raw_frames\nosferatu_1of5_20min_fps0_5\nosferatu_000119.png,0.9166588072558081,6.287528686849634e-06,0.061517180672136816,0.1010985606785051,0,0.0,3,0,,
data\raw_frames\nosferatu_1of5_20min_fps0_5\nosferatu_000120.png,0.9132698292935961,2.5150114747398535e-05,0.06029111257820114,0.10199145858570322,0,0.0,3,0,,
data\raw_frames\nosferatu_1of5_20min_fps0_5\nosferatu_000121.png,0.9152818384733881,0.0,0.06142286774183407,0.0976913211563899,0,0.0,3,0,,
data\raw_frames\nosferatu_1of5_20min_fps0_5\nosferatu_000122.png,0.10325379609544469,0.1529755729510516,0.4552422270426609,0.25395897795371963,30,1.88625860605489,5,0,,
data\raw_frames\nosferatu_1of5_20min_fps0_5\nosferatu_000123.png,0.044195039139866076,0.2547580873337735,0.3822943192178314,0.2938241114472175,19,1.1946304505014305,3,0,,
data\raw_frames\nosferatu_1of5_20min_fps0_5\nosferatu_000124.png,0.12372598949982709,0.20897859096482127,0.37108365556917855,0.2861478115885936,29,1.8233833191863937,5,0,,
data\raw_frames\nosferatu_1of5_20min_fps0_5\nosferatu_000125.png,0.3072589518689679,0.15844572290861078,0.3062718098651325,0.2862673959247131,25,1.5718821717124083,5,0,,
data\raw_frames\nosferatu_1of5_20min_fps0_5\nosferatu_000126.png,0.9061523468200824,0.0,0.07446948976704706,0.09201461543030966,0,0.0,3,0,,
data\raw_frames\nosferatu_1of5_20min_fps0_5\nosferatu_000127.png,0.9061460592913955,0.0,0.07556351975855889,0.09798095534509994,0,0.0,3,0,,
data\raw_frames\nosferatu_1of5_20min_fps0_5\nosferatu_000128.png,0.9091892231758307,0.0,0.07220597943978119,0.09139123291655517,0,0.0,3,0,,
data\raw_frames\nosferatu_1of5_20min_fps0_5\nosferatu_000129.png,0.9062277971643246,0.0,0.07245119305856833,0.08695616300272122,0,0.0,3,0,,
data\raw_frames\nosferatu_1of5_20min_fps0_5\nosferatu_000130.png,0.8992423527932346,0.0,0.08151152189631865,0.10190196198580974,0,0.0,3,0,,
data\raw_frames\nosferatu_1of5_20min_fps0_5\nosferatu_000131.png,0.9061586343487692,0.0,0.07275299443553711,0.08714633844799716,0,0.0,3,0,,
data\raw_frames\nosferatu_1of5_20min_fps0_5\nosferatu_000132.png,0.3475997359237952,0.012411581627841176,0.358936150146185,0.16425412102794443,29,1.8233833191863937,2,0,,
data\raw_frames\nosferatu_1of5_20min_fps0_5\nosferatu_000133.png,0.05070263133075545,0.05124964632651136,0.6160834983809613,0.19318925281961966,41,2.5778867616083496,6,1,,
data\raw_frames\nosferatu_1of5_20min_fps0_5\nosferatu_000134.png,0.22811782828759156,0.04377377471784715,0.46298846238485963,0.20935944884356042,20,1.2575057373699268,5,0,,
data\raw_frames\nosferatu_1of5_20min_fps0_5\nosferatu_000135.png,0.19674934766889873,0.5117356722940049,0.12198434405356974,0.32688397762022625,5,0.3143764343424817,4,0,,
data\raw_frames\nosferatu_1of5_20min_fps0_5\nosferatu_000136.png,0.3337105850545443,0.3747995850231067,0.1671539501398975,0.34158237458495055,10,0.6287528686849634,4,0,,
data\raw_frames\nosferatu_1of5_20min_fps0_5\nosferatu_000137.png,0.19215316419881165,0.1628847181615266,0.48504511301832814,0.26193012619004474,15,0.943129303027445,3,0,,
data\raw_frames\nosferatu_1of5_20min_fps0_5\nosferatu_000138.png,0.2410072620956333,0.12268225973781005,0.46006476154547454,0.25415260956706753,10,0.6287528686849634,3,0,,
data\raw_frames\nosferatu_1of5_20min_fps0_5\nosferatu_000139.png,0.2721682542676601,0.10271306862837562,0.43597095161746674,0.24698765315493454,13,0.8173787292904524,3,0,,
data\raw_frames\nosferatu_1of5_20min_fps0_5\nosferatu_000140.png,0.2688358640636298,0.12608381275739572,0.4294507843692037,0.2583513571087854,15,0.943129303027445,3,0,,
data\raw_frames\nosferatu_1of5_20min_fps0_5\nosferatu_000141.png,0.16536200446414537,0.17155522022069225,0.49873935049828666,0.2584355009259067,12,0.754503442421956,3,0,,
data\raw_frames\nosferatu_1of5_20min_fps0_5\nosferatu_000142.png,0.14550598887107422,0.19350498286648432,0.49354585180294885,0.26115738043859493,11,0.6916281555534597,3,0,,
data\raw_frames\nosferatu_1of5_20min_fps0_5\nosferatu_000143.png,0.22346505705932285,0.12398377817598792,0.4710364991040272,0.25190742241111974,20,1.2575057373699268,5,0,,
data\raw_frames\nosferatu_1of5_20min_fps0_5\nosferatu_000144.png,0.2712628501367538,0.12282058536892075,0.4226979785595272,0.2585204056149889,8,0.5030022949479707,3,0,,
data\raw_frames\nosferatu_1of5_20min_fps0_5\nosferatu_000145.png,0.2226099531579113,0.1363953598038291,0.4672514068345437,0.25798309722797963,11,0.6916281555534597,3,0,,
data\raw_frames\nosferatu_1of5_20min_fps0_5\nosferatu_000146.png,0.18726146688044265,0.17321512779402057,0.4901694488981106,0.2636628512634061,11,0.6916281555534597,3,0,,
data\raw_frames\nosferatu_1of5_20min_fps0_5\nosferatu_000147.png,0.23550567449463988,0.1272721556792103,0.46655977867899023,0.2548197189299123,8,0.5030022949479707,3,0,,
data\raw_frames\nosferatu_1of5_20min_fps0_5\nosferatu_000148.png,0.17324027790876795,0.13793580433210725,0.47849350812663083,0.2535312347281048,11,0.6916281555534597,3,0,,
data\raw_frames\nosferatu_1of5_20min_fps0_5\nosferatu_000149.png,0.1424125247571442,0.1614385865635512,0.5015310132352478,0.2571630767298289,13,0.8173787292904524,3,0,,
data\raw_frames\nosferatu_1of5_20min_fps0_5\nosferatu_000150.png,0.32064510044327077,0.08222830016661951,0.38700996573296864,0.24529012040210438,13,0.8173787292904524,3,0,,
data\raw_frames\nosferatu_1of5_20min_fps0_5\nosferatu_000151.png,0.14473262284259172,0.1522147819799428,0.5119620233267315,0.25429508945775375,19,1.1946304505014305,3,0,,
data\raw_frames\nosferatu_1of5_20min_fps0_5\nosferatu_000152.png,0.24184350341098432,0.10991228897481845,0.4150209060328838,0.2592307060394779,71,4.46414536766324,6,1,,
data\raw_frames\nosferatu_1of5_20min_fps0_5\nosferatu_000153.png,0.2878304882266025,0.06584928793737621,0.4090100286082555,0.2469300423430021,28,1.7605080323178974,5,0,,
data\raw_frames\nosferatu_1of5_20min_fps0_5\nosferatu_000154.png,0.2611965167091075,0.12364425162689804,0.4150209060328838,0.25832050085584246,29,1.8233833191863937,5,0,,
data\raw_frames\nosferatu_1of5_20min_fps0_5\nosferatu_000155.png,0.9215253544594297,0.0,0.05968122229557672,0.07482587896725033,0,0.0,3,0,,
data\raw_frames\nosferatu_1of5_20min_fps0_5\nosferatu_000156.png,0.9189537552265082,0.0,0.0618692822786004,0.07860555077526549,0,0.0,3,0,,
data\raw_frames\nosferatu_1of5_20min_fps0_5\nosferatu_000157.png,0.8751171052217925,0.0,0.08714514759973592,0.09319888118693215,0,0.0,3,0,,
data\raw_frames\nosferatu_1of5_20min_fps0_5\nosferatu_000158.png,0.8916281555534598,0.0,0.08455468578075387,0.10707815956730954,0,0.0,3,0,,
data\raw_frames\nosferatu_1of5_20min_fps0_5\nosferatu_000159.png,0.893747052720928,0.0012072055078751296,0.07621742274199127,0.12461042402731379,13,0.8173787292904524,3,0,,
data\raw_frames\nosferatu_1of5_20min_fps0_5\nosferatu_000160.png,0.8936527397906253,0.0009619918890879939,0.07609167216825427,0.12218276168817674,6,0.377251721210978,3,0,,
data\raw_frames\nosferatu_1of5_20min_fps0_5\nosferatu_000161.png,0.0017416454462573486,0.4098211198088591,0.46271181112263826,0.31331659136430995,16,1.0060045898959413,3,0,,
data\raw_frames\nosferatu_1of5_20min_fps0_5\nosferatu_000162.png,0.903197208337263,0.0,0.07396019994341224,0.09833430973180766,0,0.0,3,0,,
data\raw_frames\nosferatu_1of5_20min_fps0_5\nosferatu_000163.png,0.9034738595994845,0.0,0.07174698984564117,0.09308420685576811,0,0.0,3,0,,
data\raw_frames\nosferatu_1of5_20min_fps0_5\nosferatu_000164.png,0.8982677858467729,0.0,0.07408595051714924,0.09736807465425942,0,0.0,3,0,,
data\raw_frames\nosferatu_1of5_20min_fps0_5\nosferatu_000165.png,0.9007387846207048,6.287528686849634e-06,0.07350749787795907,0.09822809980004842,0,0.0,3,0,,
data\raw_frames\nosferatu_1of5_20min_fps0_5\nosferatu_000166.png,0.8995504416988902,0.0,0.07436888930805746,0.0970157404776406,0,0.0,3,0,,
data\raw_frames\nosferatu_1of5_20min_fps0_5\nosferatu_000167.png,0.9062340846930114,0.0,0.0720928039234179,0.09799626666789103,0,0.0,3,0,,
data\raw_frames\nosferatu_1of5_20min_fps0_5\nosferatu_000168.png,0.020321292715898016,0.2077147976987645,0.5056179068817002,0.27281360355858963,21,1.320381024238423,5,0,,
data\raw_frames\nosferatu_1of5_20min_fps0_5\nosferatu_000169.png,0.8780911062906724,0.0,0.09249583451224497,0.09316346513877355,0,0.0,3,0,,
data\raw_frames\nosferatu_1of5_20min_fps0_5\nosferatu_000170.png,0.869540067276557,0.0,0.10016661951020152,0.10194412722948107,0,0.0,3,0,,
data\raw_frames\nosferatu_1of5_20min_fps0_5\nosferatu_000171.png,0.8706152346820082,0.0,0.09987739319060643,0.10512312963188535,0,0.0,3,0,,
data\raw_frames\nosferatu_1of5_20min_fps0_5\nosferatu_000172.png,0.8738533119557358,0.0,0.09531893489264044,0.0970428911748076,0,0.0,3,0,,
data\raw_frames\nosferatu_1of5_20min_fps0_5\nosferatu_000173.png,0.8726335313904869,0.0,0.09597912540475965,0.09390866926078727,0,0.0,3,0,,
data\raw_frames\nosferatu_1of5_20min_fps0_5\nosferatu_000174.png,0.8660756389701028,0.0,0.10305888270615235,0.10685874117952308,0,0.0,3,0,,
data\raw_frames\nosferatu_1of5_20min_fps0_5\nosferatu_000175.png,0.8776761293973404,0.0,0.09245810934012387,0.09499213908224671,0,0.0,3,0,,
data\raw_frames\nosferatu_1of5_20min_fps0_5\nosferatu_000176.png,0.868534062686661,0.0,0.100480995944544,0.10667834191503901,0,0.0,3,0,,
data\raw_frames\nosferatu_1of5_20min_fps0_5\nosferatu_000177.png,0.8515514477034801,0.0,0.11062906724511931,0.11332899178142937,0,0.0,3,0,,
data\raw_frames\nosferatu_1of5_20min_fps0_5\nosferatu_000178.png,0.8474268288849068,6.287528686849634e-06,0.1150617749693483,0.11975873852229774,0,0.0,3,0,,
data\raw_frames\nosferatu_1of5_20min_fps0_5\nosferatu_000179.png,0.3102958282247163,0.15577352321669968,0.30112861139928954,0.28444142605061584,7,0.44012700807947436,3,0,,
data\raw_frames\nosferatu_1of5_20min_fps0_5\nosferatu_000180.png,0.5763714671948191,0.03141249331950077,0.2638812914583923,0.22974156446076252,15,0.943129303027445,4,0,,
data\raw_frames\nosferatu_1of5_20min_fps0_5\nosferatu_000181.png,0.5352447420541356,0.04371089943097865,0.2807947436260178,0.24111600582959106,19,1.1946304505014305,3,0,,
data\raw_frames\nosferatu_1of5_20min_fps0_5\nosferatu_000182.png,0.42863969316860007,0.06759722091232041,0.32365682668427176,0.2549828250208213,20,1.2575057373699268,5,0,,
data\raw_frames\nosferatu_1of5_20min_fps0_5\nosferatu_000183.png,0.6122292432959225,0.01939073847024427,0.24352227357037318,0.2144155610110564,13,0.8173787292904524,6,1,,
data\raw_frames\nosferatu_1of5_20min_fps0_5\nosferatu_000184.png,0.6043132446791788,0.017888019114087206,0.23558741236756892,0.2054120473590042,8,0.5030022949479707,6,1,,
data\raw_frames\nosferatu_1of5_20min_fps0_5\nosferatu_000185.png,0.6279040523122387,0.007431858907856267,0.2746581156276526,0.2047230956964825,16,1.0060045898959413,4,0,,
data\raw_frames\nosferatu_1of5_20min_fps0_5\nosferatu_000186.png,0.6836492816498475,0.017806281241158163,0.2002263510327266,0.20245970964645496,13,0.8173787292904524,6,1,,
data\raw_frames\nosferatu_1of5_20min_fps0_5\nosferatu_000187.png,0.3834449369675249,0.2128831462793549,0.22560910434153855,0.3195727379058903,23,1.4461315979754157,6,1,,
data\raw_frames\nosferatu_1of5_20min_fps0_5\nosferatu_000188.png,0.3488006539029834,0.3409286679870477,0.16919739696312364,0.3272915783916491,15,0.943129303027445,4,0,,
data\raw_frames\nosferatu_1of5_20min_fps0_5\nosferatu_000189.png,0.5596026281869911,0.09489767047062152,0.23819044924392468,0.26378230499691946,8,0.5030022949479707,4,0,,
data\raw_frames\nosferatu_1of5_20min_fps0_5\nosferatu_000190.png,0.5847213052909553,0.07289760759533466,0.23078374045081582,0.2571667531756114,8,0.5030022949479707,4,0,,
data\raw_frames\nosferatu_1of5_20min_fps0_5\nosferatu_000191.png,0.5089188594422962,0.024452199063158226,0.30615234682008236,0.24212095308422507,25,1.5718821717124083,5,0,,
data\raw_frames\nosferatu_1of5_20min_fps0_5\nosferatu_000192.png,0.4258920431324468,0.06068093935678581,0.3165959319689396,0.266000954121653,33,2.074884466660379,6,1,,
data\raw_frames\nosferatu_1of5_20min_fps0_5\nosferatu_000193.png,0.6237794334936653,0.03827218711685372,0.23018013769687823,0.2321692179099387,6,0.377251721210978,6,1,,
data\raw_frames\nosferatu_1of5_20min_fps0_5\nosferatu_000194.png,0.5671665251972712,0.10825238140149014,0.2113867144518847,0.27597281461884215,7,0.44012700807947436,4,0,,
data\raw_frames\nosferatu_1of5_20min_fps0_5\nosferatu_000195.png,0.5902040303058883,0.0857744663460027,0.21172624100097456,0.2686586119150012,9,0.565877581816467,4,0,,
data\raw_frames\nosferatu_1of5_20min_fps0_5\nosferatu_000196.png,0.5996101732214153,0.0729416202961426,0.21894432393347796,0.25927233927111054,13,0.8173787292904524,4,0,,
data\raw_frames\nosferatu_1of5_20min_fps0_5\nosferatu_000197.png,0.6088151152189631,0.06301361249960703,0.2205853689207457,0.2533237650050277,12,0.754503442421956,6,1,,
data\raw_frames\nosferatu_1of5_20min_fps0_5\nosferatu_000198.png,0.7110314690810777,0.014442453393693608,0.1676443773774718,0.19074719251959876,12,0.754503442421956,4,0,,
data\raw_frames\nosferatu_1of5_20min_fps0_5\nosferatu_000199.png,0.5872929045238768,0.054688924518218114,0.23589550127322456,0.23213261603941177,16,1.0060045898959413,4,0,,
data\raw_frames\nosferatu_1of5_20min_fps0_5\nosferatu_000200.png,0.6381401490144298,0.03172686975384325,0.2119966047345091,0.21200015714350606,9,0.565877581816467,6,1,,
data\raw_frames\nosferatu_1of5_20min_fps0_5\nosferatu_000201.png,0.5800622465339998,0.042943820931183,0.23447451978999653,0.224266469553676,11,0.6916281555534597,4,0,,
data\raw_frames\nosferatu_1of5_20min_fps0_5\nosferatu_000202.png,0.5886824483636707,0.04357257379986796,0.21826527083529818,0.2247079804602673,6,0.377251721210978,4,0,,
data\raw_frames\nosferatu_1of5_20min_fps0_5\nosferatu_000203.png,0.6501304662202522,0.020698544437108994,0.1995787355779811,0.20599251487362172,9,0.565877581816467,6,1,,
data\raw_frames\nosferatu_1of5_20min_fps0_5\nosferatu_000204.png,0.29567103649910403,0.005639913232104121,0.5363513471030211,0.16448686575507468,6,0.377251721210978,0,0,,
data\raw_frames\nosferatu_1of5_20min_fps0_5\nosferatu_000205.png,0.34348140463390864,0.008016599075733283,0.4343550567449464,0.17383621788653306,12,0.754503442421956,0,0,,
data\raw_frames\nosferatu_1of5_20min_fps0_5\nosferatu_000206.png,0.3242415668521488,0.009028891194316074,0.4733062969599799,0.16570439936350403,5,0.3143764343424817,0,0,,
data\raw_frames\nosferatu_1of5_20min_fps0_5\nosferatu_000207.png,0.5374076519224119,0.03756169637523971,0.24085007387846208,0.22247144685033163,14,0.8802540161589487,4,0,,
data\raw_frames\nosferatu_1of5_20min_fps0_5\nosferatu_000208.png,0.9569995913106354,0.0,0.03159483165141941,0.051964148004211376,0,0.0,3,0,,
data\raw_frames\nosferatu_1of5_20min_fps0_5\nosferatu_000209.png,0.95693042849508,0.0,0.031783457512024896,0.05580539924739804,0,0.0,3,0,,
data\raw_frames\nosferatu_1of5_20min_fps0_5\nosferatu_000210.png,0.9520010060045899,0.0,0.03720330724008928,0.06949170253406345,0,0.0,3,0,,
data\raw_frames\nosferatu_1of5_20min_fps0_5\nosferatu_000211.png,0.5146153604325819,0.09631865195384955,0.20731239586280611,0.2602365136024392,15,0.943129303027445,4,0,,
data\raw_frames\nosferatu_1of5_20min_fps0_5\nosferatu_000212.png,0.8749159043038134,0.0,0.09573391178597253,0.094353209277063,0,0.0,3,0,,
data\raw_frames\nosferatu_1of5_20min_fps0_5\nosferatu_000213.png,0.853066742117011,6.287528686849634e-06,0.11442044704328963,0.12890713739597912,0,0.0,3,0,,
data\raw_frames\nosferatu_1of5_20min_fps0_5\nosferatu_000214.png,0.8062560910434153,0.0037976673268571787,0.10852903266371153,0.1478001205812737,36,2.263510327265868,6,1,,
data\raw_frames\nosferatu_1of5_20min_fps0_5\nosferatu_000215.png,0.8484139708887422,0.00013832563111069193,0.11218208683077116,0.13882009902972953,0,0.0,3,0,,
data\raw_frames\nosferatu_1of5_20min_fps0_5\nosferatu_000216.png,0.866735829482222,0.0015718821717124085,0.09728064384293754,0.14998864722108723,10,0.6287528686849634,3,0,,
data\raw_frames\nosferatu_1of5_20min_fps0_5\nosferatu_000217.png,0.8781665566349146,0.0004527020654531736,0.09410544185607847,0.14131067137633727,0,0.0,3,0,,
data\raw_frames\nosferatu_1of5_20min_fps0_5\nosferatu_000218.png,0.8847244490552988,8.173787292904524e-05,0.09315602502436417,0.1291339246446148,0,0.0,3,0,,
data\raw_frames\nosferatu_1of5_20min_fps0_5\nosferatu_000219.png,0.5007639347354522,0.11371624383036248,0.24426420195542142,0.28516431974237477,22,1.3832563111069194,6,1,,
data\raw_frames\nosferatu_1of5_20min_fps0_5\nosferatu_000220.png,0.535521393316357,0.09798484705586469,0.25514791411235815,0.27241092843553627,21,1.320381024238423,6,1,,
data\raw_frames\nosferatu_1of5_20min_fps0_5\nosferatu_000221.png,0.5374202269797856,0.1150366248546009,0.23357540318777703,0.2873600987094232,24,1.509006884843912,6,1,,
data\raw_frames\nosferatu_1of5_20min_fps0_5\nosferatu_000222.png,0.8646798076016222,0.015222106950862964,0.0721934043824075,0.14022053247563696,6,0.377251721210978,5,0,,
data\raw_frames\nosferatu_1of5_20min_fps0_5\nosferatu_000223.png,0.6059291395516992,0.08018485334339338,0.22567197962840704,0.26092649867923307,5,0.3143764343424817,6,1,,
data\raw_frames\nosferatu_1of5_20min_fps0_5\nosferatu_000224.png,0.4557955295671037,0.09030148700053443,0.3477569241409664,0.2768143445678537,27,1.6976327454494011,5,0,,
data\raw_frames\nosferatu_1of5_20min_fps0_5\nosferatu_000225.png,0.2864409443868088,0.11782828759156214,0.3145461976170266,0.2697742486458888,26,1.6347574585809048,5,0,,
data\raw_frames\nosferatu_1of5_20min_fps0_5\nosferatu_000226.png,0.23720959476877612,0.17805652488289478,0.35034738595994847,0.29761229143810825,27,1.6976327454494011,5,0,,
data\raw_frames\nosferatu_1of5_20min_fps0_5\nosferatu_000227.png,0.4847244490552988,0.1502027728001509,0.26498160897859097,0.30806085720355025,28,1.7605080323178974,6,1,,
data\raw_frames\nosferatu_1of5_20min_fps0_5\nosferatu_000228.png,0.8819076362035901,0.00137068125373322,0.08623974346882958,0.14449895410353847,10,0.6287528686849634,3,0,,
data\raw_frames\nosferatu_1of5_20min_fps0_5\nosferatu_000229.png,0.8907730516520481,0.00013832563111069193,0.08659184507529316,0.12952328063082144,1,0.06287528686849633,3,0,,
data\raw_frames\nosferatu_1of5_20min_fps0_5\nosferatu_000230.png,0.8872771857021597,0.0003018013769687824,0.08783677575528938,0.13492983056236052,2,0.12575057373699267,3,0,,
data\raw_frames\nosferatu_1of5_20min_fps0_5\nosferatu_000231.png,0.8862397434688296,0.0006790530981797604,0.08591907950580024,0.13925011605105433,4,0.25150114747398533,3,0,,
data\raw_frames\nosferatu_1of5_20min_fps0_5\nosferatu_000232.png,0.8809016316136943,0.0009808544751485429,0.08800653902983432,0.14484832297718944,6,0.377251721210978,3,0,,
data\raw_frames\nosferatu_1of5_20min_fps0_5\nosferatu_000233.png,0.8884655286239743,0.0003583891351504291,0.0858750668049923,0.13620610281277207,2,0.12575057373699267,3,0,,
data\raw_frames\nosferatu_1of5_20min_fps0_5\nosferatu_000234.png,0.8876733000094313,0.0003206639630293313,0.08747209909145211,0.13540743832691582,1,0.06287528686849633,3,0,,
data\raw_frames\nosferatu_1of5_20min_fps0_5\nosferatu_000235.png,0.4667546920682826,0.16429941211606777,0.24804300669621804,0.3105252586667012,7,0.44012700807947436,4,0,,
data\raw_frames\nosferatu_1of5_20min_fps0_5\nosferatu_000236.png,0.5421861737244176,0.18864472319154957,0.19422804866547203,0.331220420767336,13,0.8173787292904524,4,0,,
data\raw_frames\nosferatu_1of5_20min_fps0_5\nosferatu_000237.png,0.4314062057908139,0.17058694080291742,0.2937030400201201,0.3163362531451919,42,2.640762048476846,6,1,,
data\raw_frames\nosferatu_1of5_20min_fps0_5\nosferatu_000238.png,0.4090100286082555,0.18528718287277185,0.2980162846992989,0.32286849616188035,34,2.1377597535288753,6,1,,
data\raw_frames\nosferatu_1of5_20min_fps0_5\nosferatu_000239.png,0.37140431953220787,0.23579490081423496,0.27760067905309815,0.33333115959139736,27,1.6976327454494011,6,1,,
data\raw_frames\nosferatu_1of5_20min_fps0_5\nosferatu_000240.png,0.41271338300481,0.13052909553899839,0.33762771542645165,0.2926149686268187,27,1.6976327454494011,5,0,,
data\raw_frames\nosferatu_1of5_20min_fps0_5\nosferatu_000241.png,0.33429532522242134,0.16828570530353046,0.34667546920682824,0.29552712810968573,31,1.9491338929233863,5,0,,
data\raw_frames\nosferatu_1of5_20min_fps0_5\nosferatu_000242.png,0.26327140117576786,0.21551762079914488,0.3535603131189286,0.3034746307892983,30,1.88625860605489,5,0,,
data\raw_frames\nosferatu_1of5_20min_fps0_5\nosferatu_000243.png,0.42245276494074,0.1596655034738596,0.2790342355936999,0.30524830624832255,22,1.3832563111069194,6,1,,
data\raw_frames\nosferatu_1of5_20min_fps0_5\nosferatu_000244.png,1.0,0.0,0.0,0.003961360455321825,0,0.0,3,0,,
data\raw_frames\nosferatu_1of5_20min_fps0_5\nosferatu_000245.png,0.6846112735389355,0.044320789713603065,0.14146939545411677,0.21748956448871107,15,0.943129303027445,6,1,,
data\raw_frames\nosferatu_1of5_20min_fps0_5\nosferatu_000246.png,0.43229903486434657,0.04992926530227294,0.219610801974284,0.20818750122072502,15,0.943129303027445,4,0,,
data\raw_frames\nosferatu_1of5_20min_fps0_5\nosferatu_000247.png,0.2798327517369298,0.07915998616743689,0.3417208966015907,0.2235113999579843,27,1.6976327454494011,5,0,,
data\raw_frames\nosferatu_1of5_20min_fps0_5\nosferatu_000248.png,0.43749253355968437,0.05848659184507529,0.243195322078657,0.21279664676979043,22,1.3832563111069194,6,1,,
data\raw_frames\nosferatu_1of5_20min_fps0_5\nosferatu_000249.png,0.5728567386588701,0.04264201955421422,0.15271778427489074,0.18773229247576032,19,1.1946304505014305,4,0,,
data\raw_frames\nosferatu_1of5_20min_fps0_5\nosferatu_000250.png,0.37179414631079255,0.0496840516834858,0.26086327768870443,0.18874029921080424,22,1.3832563111069194,6,1,,
data\raw_frames\nosferatu_1of5_20min_fps0_5\nosferatu_000251.png,0.27673928762299976,0.06914395296928542,0.35569807287245747,0.21128189840187173,20,1.2575057373699268,5,0,,
data\raw_frames\nosferatu_1of5_20min_fps0_5\nosferatu_000252.png,0.3125719136093558,0.09668332861768682,0.3153007010594486,0.23857385601364556,17,1.0688798767644376,3,0,,
data\raw_frames\nosferatu_1of5_20min_fps0_5\nosferatu_000253.png,0.07236316765695243,0.05517306422710554,0.6233833191863938,0.18415452360843662,11,0.6916281555534597,3,0,,
data\raw_frames\nosferatu_1of5_20min_fps0_5\nosferatu_000254.png,0.08943380804174919,0.020434468232261308,0.6966833286176868,0.14902937368884403,3,0.188625860605489,2,0,,
data\raw_frames\nosferatu_1of5_20min_fps0_5\nosferatu_000255.png,0.01752962997893678,0.4371530070105945,0.37982960797258636,0.298617242897175,3,0.188625860605489,3,0,,
data\raw_frames\nosferatu_1of5_20min_fps0_5\nosferatu_000256.png,0.2025464491181741,0.3231098116885158,0.29480964506900564,0.31931710588181045,3,0.188625860605489,3,0,,
data\raw_frames\nosferatu_1of5_20min_fps0_5\nosferatu_000257.png,0.23176459492596435,0.3199849099311516,0.2924015215819422,0.316947504846941,5,0.3143764343424817,3,0,,
data\raw_frames\nosferatu_1of5_20min_fps0_5\nosferatu_000258.png,0.343883806469867,0.1906504448426546,0.3066050488855355,0.3054370908012556,4,0.25150114747398533,3,0,,
data\raw_frames\nosferatu_1of5_20min_fps0_5\nosferatu_000259.png,0.5039831494231193,0.09230092112295263,0.2871137099563017,0.28046344583345967,3,0.188625860605489,3,0,,
data\raw_frames\nosferatu_1of5_20min_fps0_5\nosferatu_000260.png,0.9317928888050552,0.0,0.054839825206702504,0.08436855559729177,0,0.0,3,0,,
data\raw_frames\nosferatu_1of5_20min_fps0_5\nosferatu_000261.png,0.9341381370052501,0.0,0.05176522367883304,0.0760250958572705,0,0.0,3,0,,
data\raw_frames\nosferatu_1of5_20min_fps0_5\nosferatu_000262.png,0.9306925712848565,0.0,0.05407274670690685,0.0768766546334399,0,0.0,3,0,,
data\raw_frames\nosferatu_1of5_20min_fps0_5\nosferatu_000263.png,0.9280643842937534,0.0,0.05739256185356346,0.08564209928192061,0,0.0,3,0,,
data\raw_frames\nosferatu_1of5_20min_fps0_5\nosferatu_000264.png,0.48253638907227514,0.017655380552673773,0.3127228142978402,0.19806320684639397,18,1.131755163632934,3,0,,
data\raw_frames\nosferatu_1of5_20min_fps0_5\nosferatu_000265.png,0.30405859976736144,0.025326165550630324,0.4148951554591468,0.20600874249378642,20,1.2575057373699268,5,0,,
data\raw_frames\nosferatu_1of5_20min_fps0_5\nosferatu_000266.png,0.2208368700682197,0.06638372787575843,0.46038542550850386,0.2280707236113606,37,2.3263856141343644,6,1,,
data\raw_frames\nosferatu_1of5_20min_fps0_5\nosferatu_000267.png,0.22521299003426704,0.050407117482473514,0.5240655160489169,0.23966976350442104,45,2.8293879090823353,6,1,,
data\raw_frames\nosferatu_1of5_20min_fps0_5\nosferatu_000268.png,0.34627935489955675,0.008041749190480682,0.49835581124838885,0.1926407767879886,28,1.7605080323178974,3,0,,
data\raw_frames\nosferatu_1of5_20min_fps0_5\nosferatu_000269.png,0.25967493476688985,0.05524222704266088,0.4716841145587727,0.2391189111417989,53,3.3323902040303057,6,1,,
data\raw_frames\nosferatu_1of5_20min_fps0_5\nosferatu_000270.png,0.2752742934389638,0.04873463485177151,0.46774183407211795,0.2448300867336168,51,3.206639630293313,6,1,,
data\raw_frames\nosferatu_1of5_20min_fps0_5\nosferatu_000271.png,0.3035996101732214,0.02027728001509007,0.5039579993083718,0.21774033379308141,36,2.263510327265868,6,1,,
data\raw_frames\nosferatu_1of5_20min_fps0_5\nosferatu_000272.png,0.15696186613851426,0.08828319029205571,0.48936464522619383,0.2444458656155327,59,3.709641925241284,6,1,,
data\raw_frames\nosferatu_1of5_20min_fps0_5\nosferatu_000273.png,0.24005155773523218,0.04596812222955767,0.5085730453645195,0.230346726516149,39,2.452136187871357,6,1,,
data\raw_frames\nosferatu_1of5_20min_fps0_5\nosferatu_000274.png,0.951076739287623,0.0,0.0385362633217014,0.06961777422439491,0,0.0,3,0,,
data\raw_frames\nosferatu_1of5_20min_fps0_5\nosferatu_000275.png,0.9465748687478387,0.0,0.04255399415259832,0.07821518377003255,0,0.0,3,0,,
data\raw_frames\nosferatu_1of5_20min_fps0_5\nosferatu_000276.png,0.9508755383696438,0.0,0.03848596309220661,0.06965041676876696,0,0.0,3,0,,
data\raw_frames\nosferatu_1of5_20min_fps0_5\nosferatu_000277.png,0.27839290766764124,0.015234682008236662,0.5190606432141847,0.20765484147219837,32,2.0120091797918827,6,1,,
data\raw_frames\nosferatu_1of5_20min_fps0_5\nosferatu_000278.png,0.21894432393347796,0.054864975321449905,0.4577635260460876,0.22038671496929493,36,2.263510327265868,6,1,,
data\raw_frames\nosferatu_1of5_20min_fps0_5\nosferatu_000279.png,0.27910339840925524,0.049212487031972084,0.40182967084787324,0.21689611574372114,20,1.2575057373699268,5,0,,
data\raw_frames\nosferatu_1of5_20min_fps0_5\nosferatu_000280.png,0.33240906661636643,0.1951460278537521,0.2892200320663963,0.3052603259215564,14,0.8802540161589487,3,0,,
data\raw_frames\nosferatu_1of5_20min_fps0_5\nosferatu_000281.png,0.137904366688673,0.08266842717469898,0.5092017982332044,0.2266349605855712,34,2.1377597535288753,6,1,,
data\raw_frames\nosferatu_1of5_20min_fps0_5\nosferatu_000282.png,0.19531579112829703,0.08447923543651167,0.432783174573234,0.2344696645820555,26,1.6347574585809048,5,0,,
data\raw_frames\nosferatu_1of5_20min_fps0_5\nosferatu_000283.png,0.3168851582885347,0.054990725895186894,0.3522839447954981,0.22579249745004018,26,1.6347574585809048,5,0,,
data\raw_frames\nosferatu_1of5_20min_fps0_5\nosferatu_000284.png,0.18446351661479454,0.10705775095098871,0.4382218868873589,0.24281717515679854,25,1.5718821717124083,5,0,,
data\raw_frames\nosferatu_1of5_20min_fps0_5\nosferatu_000285.png,0.13760256531170423,0.0866484328334748,0.5198780219434751,0.22782417723963036,35,2.200635040397372,6,1,,
data\raw_frames\nosferatu_1of5_20min_fps0_5\nosferatu_000286.png,0.35811248388820777,0.05737369926750291,0.3373322015781697,0.22555800212974036,16,1.0060045898959413,3,0,,
data\raw_frames\nosferatu_1of5_20min_fps0_5\nosferatu_000287.png,0.38664528906913137,0.13159797541576285,0.25802131472224843,0.2735556693000736,12,0.754503442421956,4,0,,
data\raw_frames\nosferatu_1of5_20min_fps0_5\nosferatu_000288.png,0.3097676758150209,0.11210034895784211,0.3031909208085762,0.26390492462564463,25,1.5718821717124083,5,0,,
data\raw_frames\nosferatu_1of5_20min_fps0_5\nosferatu_000289.png,0.4918042063566915,0.07130057530887485,0.25683925932912066,0.2514581345610752,16,1.0060045898959413,4,0,,
data\raw_frames\nosferatu_1of5_20min_fps0_5\nosferatu_000290.png,0.31725612248105883,0.13318872017353578,0.2908799396397246,0.274710669809799,29,1.8233833191863937,5,0,,
data\raw_frames\nosferatu_1of5_20min_fps0_5\nosferatu_000291.png,0.334685152001006,0.09953786664151655,0.2985947373384891,0.2597097740724308,27,1.6976327454494011,5,0,,
data\raw_frames\nosferatu_1of5_20min_fps0_5\nosferatu_000292.png,0.2538966959036751,0.13680404916847433,0.3412996321795718,0.26914266218154514,24,1.509006884843912,5,0,,
data\raw_frames\nosferatu_1of5_20min_fps0_5\nosferatu_000293.png,0.35234053255367975,0.10471879027948065,0.27810368134804614,0.261446652101709,22,1.3832563111069194,6,1,,
data\raw_frames\nosferatu_1of5_20min_fps0_5\nosferatu_000294.png,0.3199157471155962,0.10800716778270301,0.3031217579930208,0.2607606176387323,24,1.509006884843912,5,0,,
data\raw_frames\nosferatu_1of5_20min_fps0_5\nosferatu_000295.png,0.279405199786224,0.12571913609355842,0.3218774560658933,0.2659372149773107,26,1.6347574585809048,5,0,,
data\raw_frames\nosferatu_1of5_20min_fps0_5\nosferatu_000296.png,0.26017793706183784,0.12625357603194065,0.3176710993743909,0.2637577655866859,21,1.320381024238423,5,0,,
data\raw_frames\nosferatu_1of5_20min_fps0_5\nosferatu_000297.png,0.3277814455028451,0.1444748341664309,0.2908296394102298,0.27899832611936953,14,0.8802540161589487,3,0,,
data\raw_frames\nosferatu_1of5_20min_fps0_5\nosferatu_000298.png,0.3770065075921909,0.10437297620170392,0.278109968876733,0.2639058263306087,27,1.6976327454494011,6,1,,
data\raw_frames\nosferatu_1of5_20min_fps0_5\nosferatu_000299.png,0.28916973183690153,0.14124933195007702,0.29179791882800465,0.2735807292855279,21,1.320381024238423,5,0,,
data\raw_frames\nosferatu_1of5_20min_fps0_5\nosferatu_000300.png,0.2539910088339778,0.15058631205004872,0.32537960954446854,0.27511317297985544,24,1.509006884843912,5,0,,
data\raw_frames\nosferatu_1of5_20min_fps0_5\nosferatu_000301.png,0.9218774560658933,0.0,0.06181269452041875,0.08304565702814583,0,0.0,3,0,,
data\raw_frames\nosferatu_1of5_20min_fps0_5\nosferatu_000302.png,0.9181426640259046,0.0,0.06576755006444716,0.09362285070911135,0,0.0,3,0,,
data\raw_frames\nosferatu_1of5_20min_fps0_5\nosferatu_000303.png,0.9194190323493351,0.0,0.06441573139677449,0.09261826393540916,0,0.0,3,0,,
data\raw_frames\nosferatu_1of5_20min_fps0_5\nosferatu_000304.png,0.919211543902669,0.0,0.0644660316262693,0.08962259444519807,0,0.0,3,0,,
data\raw_frames\nosferatu_1of5_20min_fps0_5\nosferatu_000305.png,0.9172183973089377,0.0,0.06653462856424282,0.0957053733938327,0,0.0,3,0,,
data\raw_frames\nosferatu_1of5_20min_fps0_5\nosferatu_000306.png,0.9186582413782263,0.0,0.06527083529818604,0.09614589162951452,0,0.0,3,0,,
data\raw_frames\nosferatu_1of5_20min_fps0_5\nosferatu_000307.png,1.88625860605489e-05,0.5017573642679745,0.37586217737118427,0.2653824776904763,33,2.074884466660379,6,1,,
data\raw_frames\nosferatu_1of5_20min_fps0_5\nosferatu_000308.png,0.13311326982929358,0.3103524159828979,0.42846364236536827,0.28396099234706024,6,0.377251721210978,3,0,,
data\raw_frames\nosferatu_1of5_20min_fps0_5\nosferatu_000309.png,0.1544468546637744,0.1743091577855324,0.5389229463359426,0.2528215092494807,9,0.565877581816467,3,0,,
data\raw_frames\nosferatu_1of5_20min_fps0_5\nosferatu_000310.png,0.14538023829733723,0.04745826652834104,0.6839447954981295,0.193409126145038,6,0.377251721210978,3,0,,
data\raw_frames\nosferatu_1of5_20min_fps0_5\nosferatu_000311.png,0.9992014838567701,0.0,0.00012575057373699267,0.0047778145171271215,0,0.0,3,0,,
data\raw_frames\nosferatu_1of5_20min_fps0_5\nosferatu_000312.png,0.2973749567732403,0.04579207142632588,0.4565060203087177,0.22781844827219916,23,1.4461315979754157,5,0,,
data\raw_frames\nosferatu_1of5_20min_fps0_5\nosferatu_000313.png,0.19509572762425728,0.0799585023106668,0.48283190292055705,0.23393002004832625,15,0.943129303027445,3,0,,
data\raw_frames\nosferatu_1of5_20min_fps0_5\nosferatu_000314.png,0.1391933100694772,0.09359615203244365,0.5469521204690496,0.23080937929869041,14,0.8802540161589487,3,0,,
data\raw_frames\nosferatu_1of5_20min_fps0_5\nosferatu_000315.png,0.14206671067936746,0.12581973655254802,0.5103712785689585,0.2508550000680166,28,1.7605080323178974,5,0,,
data\raw_frames\nosferatu_1of5_20min_fps0_5\nosferatu_000316.png,0.08547895249772076,0.11392373227702851,0.5824452199063158,0.23284694283773685,39,2.452136187871357,6,1,,
data\raw_frames\nosferatu_1of5_20min_fps0_5\nosferatu_000317.png,0.25692099720204975,0.0010751674054512873,0.5405639913232104,0.17840634111318224,13,0.8173787292904524,0,0,,
data\raw_frames\nosferatu_1of5_20min_fps0_5\nosferatu_000318.png,0.23276431198717343,0.012160080480367192,0.5430790027979503,0.18099878675612047,13,0.8173787292904524,1,0,,
data\raw_frames\nosferatu_1of5_20min_fps0_5\nosferatu_000319.png,0.3270143670030495,0.025005501587600995,0.44943255053601183,0.1910277112071022,6,0.377251721210978,3,0,,
data\raw_frames\nosferatu_1of5_20min_fps0_5\nosferatu_000320.png,0.45658147065295984,0.06598761356848691,0.3007702222641391,0.24270978415734973,6,0.377251721210978,3,0,,
data\raw_frames\nosferatu_1of5_20min_fps0_5\nosferatu_000321.png,0.2794680750730925,0.13742651450847246,0.3891980257159923,0.2766570618479152,22,1.3832563111069194,5,0,,
data\raw_frames\nosferatu_1of5_20min_fps0_5\nosferatu_000322.png,0.2696469552642334,0.16389072275142255,0.32001006004589894,0.28729085419072875,24,1.509006884843912,5,0,,
data\raw_frames\nosferatu_1of5_20min_fps0_5\nosferatu_000323.png,0.13107611053475432,0.27544405671350874,0.4154924706843975,0.280448065554301,23,1.4461315979754157,5,0,,
data\raw_frames\nosferatu_1of5_20min_fps0_5\nosferatu_000324.png,0.18726146688044265,0.14889496683328618,0.4130969222547078,0.26209727012985995,18,1.131755163632934,3,0,,
data\raw_frames\nosferatu_1of5_20min_fps0_5\nosferatu_000325.png,0.2549655757804395,0.11867081643559999,0.42410009745669464,0.2634368493853591,20,1.2575057373699268,5,0,,
data\raw_frames\nosferatu_1of5_20min_fps0_5\nosferatu_000326.png,0.3257757238517401,0.030764877864755256,0.2654720362161652,0.1808880721270249,3,0.188625860605489,4,0,,
data\raw_frames\nosferatu_1of5_20min_fps0_5\nosferatu_000327.png,0.018812285831054106,0.10693200037725172,0.4027979502656481,0.22753872997324318,8,0.5030022949479707,3,0,,
data\raw_frames\nosferatu_1of5_20min_fps0_5\nosferatu_000328.png,0.046754063315413874,0.07880159703228647,0.4270300858247666,0.2247206120240188,22,1.3832563111069194,5,0,,
data\raw_frames\nosferatu_1of5_20min_fps0_5\nosferatu_000329.png,0.008211512465025621,0.12366940174164545,0.6840076707849979,0.2293295857190828,26,1.6347574585809048,5,0,,
data\raw_frames\nosferatu_1of5_20min_fps0_5\nosferatu_000330.png,0.32859882423213554,0.06025967493476689,0.25107359552327957,0.21266509152291072,13,0.8173787292904524,4,0,,
data\raw_frames\nosferatu_1of5_20min_fps0_5\nosferatu_000331.png,0.08414599641610865,0.08754126190700745,0.3235310761105348,0.22885665457934665,21,1.320381024238423,5,0,,
data\raw_frames\nosferatu_1of5_20min_fps0_5\nosferatu_000332.png,0.05443113584205728,0.08656669496054575,0.381351189914804,0.22196267306015102,19,1.1946304505014305,3,0,,
data\raw_frames\nosferatu_1of5_20min_fps0_5\nosferatu_000333.png,0.0660127636832343,0.1260083624131535,0.5047313653368544,0.2516766371030597,43,2.7036373353453422,6,1,,
data\raw_frames\nosferatu_1of5_20min_fps0_5\nosferatu_000334.png,0.2036216165236254,0.09389795340941243,0.3875255430852903,0.23746643177331878,18,1.131755163632934,3,0,,
data\raw_frames\nosferatu_1of5_20min_fps0_5\nosferatu_000335.png,0.18109968876733,0.09039579993083718,0.35393127731145274,0.23537495215439141,23,1.4461315979754157,5,0,,
data\raw_frames\nosferatu_1of5_20min_fps0_5\nosferatu_000336.png,0.09263416014335565,0.09184821905749944,0.4175233424502499,0.2306676726683451,28,1.7605080323178974,5,0,,
data\raw_frames\nosferatu_1of5_20min_fps0_5\nosferatu_000337.png,0.13622559652928418,0.07067810996887673,0.5222609953157912,0.21565041205901814,21,1.320381024238423,5,0,,
data\raw_frames\nosferatu_1of5_20min_fps0_5\nosferatu_000338.png,0.40170392027413626,0.026810022320726837,0.34268288849067874,0.20267192062154457,6,0.377251721210978,3,0,,
data\raw_frames\nosferatu_1of5_20min_fps0_5\nosferatu_000339.png,0.10255588041120438,0.06525826024081235,0.6149517432173285,0.20837003117252015,7,0.44012700807947436,3,0,,
data\raw_frames\nosferatu_1of5_20min_fps0_5\nosferatu_000340.png,0.9367914741111006,0.0,0.04960860133924361,0.07709898026625009,0,0.0,3,0,,
data\raw_frames\nosferatu_1of5_20min_fps0_5\nosferatu_000341.png,0.941293344650885,0.0,0.0455279952214782,0.07068807011942924,0,0.0,3,0,,
data\raw_frames\nosferatu_1of5_20min_fps0_5\nosferatu_000342.png,0.9431418780848188,0.0,0.04412587632431073,0.07097307060620492,0,0.0,3,0,,
data\raw_frames\nosferatu_1of5_20min_fps0_5\nosferatu_000343.png,0.9394762488603854,0.0,0.04736395359803829,0.07754033910431789,0,0.0,3,0,,
data\raw_frames\nosferatu_1of5_20min_fps0_5\nosferatu_000344.png,0.25760633782891634,0.0662516897733346,0.3357477443490836,0.2116310167091672,15,0.943129303027445,3,0,,
data\raw_frames\nosferatu_1of5_20min_fps0_5\nosferatu_000345.png,0.05765663805841114,0.09896570153101324,0.40794114873149107,0.2324837825583268,39,2.452136187871357,6,1,,
data\raw_frames\nosferatu_1of5_20min_fps0_5\nosferatu_000346.png,0.013757112766826998,0.12743563142506836,0.6070923323587664,0.2316974161269315,30,1.88625860605489,5,0,,
data\raw_frames\nosferatu_1of5_20min_fps0_5\nosferatu_000347.png,0.08800653902983432,0.07976358892137446,0.5274293438963815,0.2231403097735416,12,0.754503442421956,3,0,,
data\raw_frames\nosferatu_1of5_20min_fps0_5\nosferatu_000348.png,0.08639064415731397,0.0764752114181521,0.5493916815995473,0.2219872618045273,14,0.8802540161589487,3,0,,
data\raw_frames\nosferatu_1of5_20min_fps0_5\nosferatu_000349.png,0.31766481184570405,0.11669024489924236,0.27609167216825425,0.25532331606230113,35,2.200635040397372,7,1,,
data\raw_frames\nosferatu_1of5_20min_fps0_5\nosferatu_000350.png,3.77251721210978e-05,0.14949856958722374,0.7584205727938633,0.22691278358396033,44,2.7665126222138388,6,1,,
data\raw_frames\nosferatu_1of5_20min_fps0_5\nosferatu_000351.png,0.1975541513408155,0.05540570278851897,0.4649501713351567,0.20304636473637983,31,1.9491338929233863,5,0,,
data\raw_frames\nosferatu_1of5_20min_fps0_5\nosferatu_000352.png,0.09649470275708133,0.14856172781288315,0.4885472664969034,0.25491626193613903,24,1.509006884843912,5,0,,
data\raw_frames\nosferatu_1of5_20min_fps0_5\nosferatu_000353.png,0.18092363796409822,0.20867050205916565,0.37933289320632524,0.28690956605570317,16,1.0060045898959413,3,0,,
data\raw_frames\nosferatu_1of5_20min_fps0_5\nosferatu_000354.png,0.37595020277280017,0.06413279260586627,0.26987330629696,0.24563740855076857,34,2.1377597535288753,7,1,,
data\raw_frames\nosferatu_1of5_20min_fps0_5\nosferatu_000355.png,0.012273255996730485,0.006771668395737056,0.8383790751045301,0.12124178606987222,31,1.9491338929233863,2,0,,
data\raw_frames\nosferatu_1of5_20min_fps0_5\nosferatu_000356.png,0.34696469552642334,0.055933855198214345,0.2625923480775881,0.21476796180607344,16,1.0060045898959413,4,0,,
data\raw_frames\nosferatu_1of5_20min_fps0_5\nosferatu_000357.png,0.1843817787418655,0.08779276305448143,0.3456128768587507,0.23584575920763512,33,2.074884466660379,6,1,,
data\raw_frames\nosferatu_1of5_20min_fps0_5\nosferatu_000358.png,0.22758338834920935,0.10334182149706057,0.41935930082681,0.24911980668829453,35,2.200635040397372,6,1,,
data\raw_frames\nosferatu_1of5_20min_fps0_5\nosferatu_000359.png,0.12761796975698703,0.18653211355276808,0.43952969285422366,0.2794389535906131,41,2.5778867616083496,6,1,,
data\raw_frames\nosferatu_1of5_20min_fps0_5\nosferatu_000360.png,0.9253104467289132,0.0,0.06053003866830142,0.09522733973322428,0,0.0,3,0,,
data\raw_frames\nosferatu_1of5_20min_fps0_5\nosferatu_000361.png,0.9216699676192273,0.0,0.06308906284384923,0.10065599728291537,0,0.0,3,0,,
data\raw_frames\nosferatu_1of5_20min_fps0_5\nosferatu_000362.png,0.9258323116099217,0.0,0.059121632242447104,0.09359608339328523,0,0.0,3,0,,
data\raw_frames\nosferatu_1of5_20min_fps0_5\nosferatu_000363.png,0.9258008739664875,0.0,0.06046087585274608,0.0938295322413564,0,0.0,3,0,,
data\raw_frames\nosferatu_1of5_20min_fps0_5\nosferatu_000364.png,0.05295985412933447,0.21329812317268698,0.4677544091294917,0.28691194444676316,17,1.0688798767644376,3,0,,
data\raw_frames\nosferatu_1of5_20min_fps0_5\nosferatu_000365.png,0.04924392467540633,0.17996793360369706,0.5052783803326103,0.26480177754011297,19,1.1946304505014305,3,0,,
data\raw_frames\nosferatu_1of5_20min_fps0_5\nosferatu_000366.png,0.06185041969253985,0.07492847936118709,0.4114433022100663,0.21662898687656001,23,1.4461315979754157,5,0,,
data\raw_frames\nosferatu_1of5_20min_fps0_5\nosferatu_000367.png,0.059278820459618346,0.0,0.3673237134144425,0.058797485742979695,0,0.0,0,0,,
data\raw_frames\nosferatu_1of5_20min_fps0_5\nosferatu_000368.png,0.06042315068062498,0.06152346820082367,0.654695212046905,0.20589205995456725,50,3.1437643434248166,6,1,,
data\raw_frames\nosferatu_1of5_20min_fps0_5\nosferatu_000369.png,0.0,0.37787418655097615,0.46710679367474617,0.2761477013788672,75,4.715646515137225,6,1,,
data\raw_frames\nosferatu_1of5_20min_fps0_5\nosferatu_000370.png,0.001288943380804175,0.25529881480084254,0.48837750322235846,0.28065836515328385,58,3.6467666383727875,6,1,,
data\raw_frames\nosferatu_1of5_20min_fps0_5\nosferatu_000371.png,0.0,0.41227954352541735,0.4742179886195731,0.24745263746188456,56,3.521016064635795,6,1,,
data\raw_frames\nosferatu_1of5_20min_fps0_5\nosferatu_000372.png,0.034983809613631366,0.09404256656920998,0.6608381275739571,0.2110015756670284,73,4.589895941400233,6,1,,
data\raw_frames\nosferatu_1of5_20min_fps0_5\nosferatu_000373.png,0.14361344273633248,0.04203841680027665,0.6224779150554874,0.20394562435012253,64,4.024018359583765,6,1,,
data\raw_frames\nosferatu_1of5_20min_fps0_5\nosferatu_000374.png,0.06802477286302619,0.07152692634160143,0.6609701656763809,0.2097468233989231,73,4.589895941400233,6,1,,
data\raw_frames\nosferatu_1of5_20min_fps0_5\nosferatu_000375.png,0.5467760696658178,0.006595617592505266,0.06950234210443586,0.09639176761555218,3,0.188625860605489,1,0,,
data\raw_frames\nosferatu_1of5_20min_fps0_5\nosferatu_000376.png,0.6231443930962935,0.017837718884592412,0.12400892829073533,0.13566876077181664,3,0.188625860605489,5,0,,
data\raw_frames\nosferatu_1of5_20min_fps0_5\nosferatu_000377.png,0.30952246219623375,0.025942343361941587,0.29055298814800845,0.1496065579530622,4,0.25150114747398533,2,0,,
data\raw_frames\nosferatu_1of5_20min_fps0_5\nosferatu_000378.png,0.02608695652173913,0.09201798233204439,0.5037630859190795,0.21431498368830285,11,0.6916281555534597,3,0,,
data\raw_frames\nosferatu_1of5_20min_fps0_5\nosferatu_000379.png,0.11865824137822628,0.04366059920148386,0.4391587286616995,0.17679245596652401,13,0.8173787292904524,2,0,,
data\raw_frames\nosferatu_1of5_20min_fps0_5\nosferatu_000380.png,0.1131880914206671,0.0685592128014084,0.469496054575749,0.2135840481211668,19,1.1946304505014305,3,0,,
data\raw_frames\nosferatu_1of5_20min_fps0_5\nosferatu_000381.png,0.39302713068628375,0.032890062560910434,0.30942814926593104,0.1864388121143678,22,1.3832563111069194,5,0,,
data\raw_frames\nosferatu_1of5_20min_fps0_5\nosferatu_000382.png,0.22289917947750637,0.026734571976484642,0.3453236505391556,0.18708736438943188,25,1.5718821717124083,5,0,,
data\raw_frames\nosferatu_1of5_20min_fps0_5\nosferatu_000383.png,8.173787292904524e-05,0.12072055078751297,0.6985947373384891,0.2179762015410963,16,1.0060045898959413,3,0,,
data\raw_frames\nosferatu_1of5_20min_fps0_5\nosferatu_000384.png,0.17844635166147946,0.06745889528120973,0.40777138545694613,0.22131311698793638,36,2.263510327265868,6,1,,
data\raw_frames\nosferatu_1of5_20min_fps0_5\nosferatu_000385.png,0.5585588984249741,0.02437046119022918,0.23562513753969003,0.17860733462050715,9,0.565877581816467,3,0,,
data\raw_frames\nosferatu_1of5_20min_fps0_5\nosferatu_000386.png,0.1620987770756704,0.09971391744474835,0.3643937250463705,0.23667334181294036,25,1.5718821717124083,5,0,,
data\raw_frames\nosferatu_1of5_20min_fps0_5\nosferatu_000387.png,0.3250652331101261,0.03633562828130403,0.29416202961426013,0.17741691018478412,12,0.754503442421956,2,0,,
data\raw_frames\nosferatu_1of5_20min_fps0_5\nosferatu_000388.png,0.09810431010091483,0.05592756766952749,0.4285013675374894,0.20031854681225475,10,0.6287528686849634,3,0,,
data\raw_frames\nosferatu_1of5_20min_fps0_5\nosferatu_000389.png,0.5067245119305857,0.028117828287591563,0.1766166808136062,0.17142616314922304,6,0.377251721210978,3,0,,
data\raw_frames\nosferatu_1of5_20min_fps0_5\nosferatu_000390.png,0.09835581124838882,0.054173347165896446,0.512188374359458,0.19019988902779156,8,0.5030022949479707,3,0,,
data\raw_frames\nosferatu_1of5_20min_fps0_5\nosferatu_000391.png,0.43974346882957654,0.004571033355339683,0.11838159011600491,0.27103707362119245,4,0.25150114747398533,2,0,,
data\raw_frames\nosferatu_1of5_20min_fps0_5\nosferatu_000392.png,0.2482756452576315,0.11896633028388193,0.3397151749504857,0.2688185496244537,0,0.0,3,0,,
data\raw_frames\nosferatu_1of5_20min_fps0_5\nosferatu_000393.png,0.06936401647332516,0.2805306674211701,0.4814172089660159,0.2815851269188749,0,0.0,3,0,,
data\raw_frames\nosferatu_1of5_20min_fps0_5\nosferatu_000394.png,0.42320726838316197,0.006482442076141973,0.3225250715206388,0.1880324510627228,11,0.6916281555534597,1,0,,
data\raw_frames\nosferatu_1of5_20min_fps0_5\nosferatu_000395.png,0.6763368857870414,0.006928856612908297,0.17273727561382,0.17128856652969995,6,0.377251721210978,3,0,,
data\raw_frames\nosferatu_1of5_20min_fps0_5\nosferatu_000396.png,0.5008833977805024,6.287528686849634e-06,0.1803263227388475,0.13332850452286374,4,0.25150114747398533,1,0,,
data\raw_frames\nosferatu_1of5_20min_fps0_5\nosferatu_000397.png,0.5992832217296992,0.022628815743971832,0.1888647866955893,0.18816332835396207,5,0.3143764343424817,4,0,,
data\raw_frames\nosferatu_1of5_20min_fps0_5\nosferatu_000398.png,0.6801534156999591,0.022220126379326605,0.14905844257914427,0.18262760799374286,7,0.44012700807947436,6,1,,
data\raw_frames\nosferatu_1of5_20min_fps0_5\nosferatu_000399.png,0.3145524851457135,0.0055644628878619255,0.3473859599484423,0.17041971311483406,10,0.6287528686849634,0,0,,
data\raw_frames\nosferatu_1of5_20min_fps0_5\nosferatu_000400.png,0.49408029174133106,0.00042126442201892547,0.2536263321701405,0.12974275937464533,3,0.188625860605489,1,0,,
data\raw_frames\nosferatu_1of5_20min_fps0_5\nosferatu_000401.png,0.236253890408375,0.036065264547769496,0.2240560847558867,0.20505749707104437,10,0.6287528686849634,4,0,,
data\raw_frames\nosferatu_1of5_20min_fps0_5\nosferatu_000402.png,0.3724228991794775,0.011267251406834544,0.19429092395234054,0.19614188225382617,9,0.565877581816467,2,0,,
data\raw_frames\nosferatu_1of5_20min_fps0_5\nosferatu_000403.png,0.46812537332201576,0.0016976327454494011,0.14280235153572887,0.17309277298878267,8,0.5030022949479707,1,0,,
data\raw_frames\nosferatu_1of5_20min_fps0_5\nosferatu_000404.png,0.4353799239209029,0.0,0.040806061177654125,0.05897465732103983,0,0.0,1,0,,
data\raw_frames\nosferatu_1of5_20min_fps0_5\nosferatu_000405.png,0.2826872897607595,0.04985381495803075,0.23237448520858878,0.1814300911237876,0,0.0,4,0,,
data\raw_frames\nosferatu_1of5_20min_fps0_5\nosferatu_000406.png,0.556760665220535,0.016077210852274513,0.11548932692005408,0.1416011906339357,4,0.25150114747398533,3,0,,
data\raw_frames\nosferatu_1of5_20min_fps0_5\nosferatu_000407.png,0.46806249803514727,0.10485711591059134,0.18304882266025338,0.25600014001762034,16,1.0060045898959413,4,0,,
data\raw_frames\nosferatu_1of5_20min_fps0_5\nosferatu_000408.png,0.2646986701876827,0.14229934924078091,0.25134395925681413,0.2798272029879202,8,0.5030022949479707,4,0,,
data\raw_frames\nosferatu_1of5_20min_fps0_5\nosferatu_000409.png,0.4195353516300418,0.08120343299066302,0.2100600458989594,0.23936448130989477,4,0.25150114747398533,4,0,,
data\raw_frames\nosferatu_1of5_20min_fps0_5\nosferatu_000410.png,0.3465308560470307,0.08976075953346536,0.27331258448866674,0.235904904724104,5,0.3143764343424817,4,0,,
data\raw_frames\nosferatu_1of5_20min_fps0_5\nosferatu_000411.png,0.6305196642459682,0.08421515923166399,0.16382784746455406,0.25261167902426984,6,0.377251721210978,6,1,,
data\raw_frames\nosferatu_1of5_20min_fps0_5\nosferatu_000412.png,0.5607280958219372,0.07504165487755038,0.19965418592222328,0.22982799048711683,6,0.377251721210978,4,0,,
data\raw_frames\nosferatu_1of5_20min_fps0_5\nosferatu_000413.png,0.4510924581093401,0.09370304002012009,0.2317205822251564,0.2532134403533932,15,0.943129303027445,4,0,,
data\raw_frames\nosferatu_1of5_20min_fps0_5\nosferatu_000414.png,0.0,0.9725737998679619,0.020182967084787326,0.06999190786428114,0,0.0,3,0,,
data\raw_frames\nosferatu_1of5_20min_fps0_5\nosferatu_000415.png,0.00020748844666603793,0.48318400452702065,0.28025401615894874,0.20904870492894034,7,0.44012700807947436,3,0,,
data\raw_frames\nosferatu_1of5_20min_fps0_5\nosferatu_000416.png,0.0018611084913074916,0.3391681599547298,0.41705806532742307,0.20616656276437034,12,0.754503442421956,3,0,,
data\raw_frames\nosferatu_1of5_20min_fps0_5\nosferatu_000417.png,0.022729416202961428,0.28976075953346536,0.43970574365745546,0.22065229165491002,9,0.565877581816467,3,0,,
data\raw_frames\nosferatu_1of5_20min_fps0_5\nosferatu_000418.png,0.9809425005501587,0.0,0.0,0.015610027036514575,0,0.0,3,0,,
data\raw_frames\nosferatu_1of5_20min_fps0_5\nosferatu_000419.png,0.8742682888490678,0.0,0.05822251564022761,0.05140419768613705,0,0.0,3,0,,
data\raw_frames\nosferatu_1of5_20min_fps0_5\nosferatu_000420.png,0.03588292621585086,0.5121003489578421,0.29181049388537833,0.2288943922134949,2,0.12575057373699267,3,0,,
data\raw_frames\nosferatu_1of5_20min_fps0_5\nosferatu_000421.png,0.03868087648149895,0.4785375208274388,0.3029771448332233,0.2307579374980776,2,0.12575057373699267,3,0,,
data\raw_frames\nosferatu_1of5_20min_fps0_5\nosferatu_000422.png,0.04096324939482537,0.4158445722908611,0.3297431544531422,0.22836696158576028,4,0.25150114747398533,3,0,,
data\raw_frames\nosferatu_1of5_20min_fps0_5\nosferatu_000423.png,0.04010185796472696,0.4617686818196108,0.30629695997987993,0.22872282880049521,2,0.12575057373699267,3,0,,
data\raw_frames\nosferatu_1of5_20min_fps0_5\nosferatu_000424.png,0.04684208871702977,0.20300543871231413,0.5127605394699614,0.22106825589137394,12,0.754503442421956,3,0,,
data\raw_frames\nosferatu_1of5_20min_fps0_5\nosferatu_000425.png,0.03927819170674966,0.34177119683108553,0.35304473576660694,0.23215383122477862,2,0.12575057373699267,3,0,,
data\raw_frames\nosferatu_1of5_20min_fps0_5\nosferatu_000426.png,0.042994121160677794,0.3192304064887296,0.3616209248954698,0.23298427344342026,3,0.188625860605489,3,0,,
data\raw_frames\nosferatu_1of5_20min_fps0_5\nosferatu_000427.png,0.06871640101857965,0.31294287780187996,0.373906755949574,0.24283999930303024,4,0.25150114747398533,3,0,,
data\raw_frames\nosferatu_1of5_20min_fps0_5\nosferatu_000428.png,0.06727655694929108,0.306667924172404,0.37175642113867147,0.2432731957856458,8,0.5030022949479707,3,0,,
data\raw_frames\nosferatu_1of5_20min_fps0_5\nosferatu_000429.png,0.0765129365902732,0.24834480807318685,0.4177874186550976,0.2405127412150289,3,0.188625860605489,3,0,,
data\raw_frames\nosferatu_1of5_20min_fps0_5\nosferatu_000430.png,0.06896161463736679,0.3105976296016851,0.36399132321041217,0.24439811773075976,4,0.25150114747398533,3,0,,
data\raw_frames\nosferatu_1of5_20min_fps0_5\nosferatu_000431.png,0.749781508378132,0.0011191801062592347,0.1742965827281587,0.2007616584425998,5,0.3143764343424817,4,0,,
data\raw_frames\nosferatu_1of5_20min_fps0_5\nosferatu_000432.png,0.6850325379609544,0.0,0.20184224590524694,0.13913968649282876,0,0.0,3,0,,
data\raw_frames\nosferatu_1of5_20min_fps0_5\nosferatu_000433.png,0.5165204816246974,0.03489578421201547,0.18048351095601875,0.19902207742768213,12,0.754503442421956,4,0,,
data\raw_frames\nosferatu_1of5_20min_fps0_5\nosferatu_000434.png,0.6281115407589047,0.05020591656449432,0.11767738690307775,0.19383920735796553,6,0.377251721210978,6,1,,
data\raw_frames\nosferatu_1of5_20min_fps0_5\nosferatu_000435.png,0.6491558992737905,0.05165204816246974,0.10612090917664811,0.19010638058863738,5,0.3143764343424817,6,1,,
data\raw_frames\nosferatu_1of5_20min_fps0_5\nosferatu_000436.png,0.9988430947216197,0.0,0.0,0.009926757146406793,0,0.0,3,0,,
data\raw_frames\nosferatu_1of5_20min_fps0_5\nosferatu_000437.png,0.33358483448080734,0.17916312993178032,0.1397529001226068,0.3056370426431218,26,1.6347574585809048,6,1,,
data\raw_frames\nosferatu_1of5_20min_fps0_5\nosferatu_000438.png,0.3266874155113333,0.17652236788330347,0.14660001886258606,0.29902530431973495,34,2.1377597535288753,7,1,,
data\raw_frames\nosferatu_1of5_20min_fps0_5\nosferatu_000439.png,0.3670596372095948,0.16805935427080387,0.1577792448678047,0.2943032412384328,34,2.1377597535288753,7,1,,
data\raw_frames\nosferatu_1of5_20min_fps0_5\nosferatu_000440.png,0.38877047376528656,0.15751516866295703,0.16727970071363452,0.30077251648178005,34,2.1377597535288753,7,1,,
data\raw_frames\nosferatu_1of5_20min_fps0_5\nosferatu_000441.png,0.5983086547832375,0.11009462730673708,0.18371530070105946,0.27561406542980693,31,1.9491338929233863,6,1,,
data\raw_frames\nosferatu_1of5_20min_fps0_5\nosferatu_000442.png,0.6093872803294665,0.10499544154170204,0.17950894400955705,0.28467706575849333,37,2.3263856141343644,9,1,,
data\raw_frames\nosferatu_1of5_20min_fps0_5\nosferatu_000443.png,0.540035838913515,0.21507120626237858,0.1528875475494357,0.3352414533498044,13,0.8173787292904524,4,0,,
data\raw_frames\nosferatu_1of5_20min_fps0_5\nosferatu_000444.png,0.41092772485774465,0.3210663648652897,0.1614134364488038,0.35746122015401516,25,1.5718821717124083,6,1,,
data\raw_frames\nosferatu_1of5_20min_fps0_5\nosferatu_000445.png,0.31796032569398597,0.23268886164293123,0.28816372724700556,0.30492707808316927,36,2.263510327265868,6,1,,
data\raw_frames\nosferatu_1of5_20min_fps0_5\nosferatu_000446.png,0.5383759313401867,0.23836021251846962,0.1280455217076928,0.3355749089848124,3,0.188625860605489,4,0,,
data\raw_frames\nosferatu_1of5_20min_fps0_5\nosferatu_000447.png,0.8272187116853721,0.0022697978559527176,0.12057593762771543,0.12177367232177118,1,0.06287528686849633,3,0,,
data\raw_frames\nosferatu_1of5_20min_fps0_5\nosferatu_000448.png,0.7063095350372536,0.12146247917256123,0.088270615234682,0.28262367289108165,7,0.44012700807947436,6,1,,
data\raw_frames\nosferatu_1of5_20min_fps0_5\nosferatu_000449.png,0.4427300449558301,0.011084913074915905,0.38652582602408125,0.2104340518635956,15,0.943129303027445,1,0,,
data\raw_frames\nosferatu_1of5_20min_fps0_5\nosferatu_000450.png,0.4371027067810997,0.036976956207362695,0.324524505643057,0.2332144180463163,2,0.12575057373699267,3,0,,
data\raw_frames\nosferatu_1of5_20min_fps0_5\nosferatu_000451.png,0.3400547014995756,0.09762645792071427,0.35713791694174607,0.26393901347429,4,0.25150114747398533,3,0,,
data\raw_frames\nosferatu_1of5_20min_fps0_5\nosferatu_000452.png,0.3788361784400641,0.05718507340689742,0.370605803388978,0.23805446526710294,4,0.25150114747398533,3,0,,
data\raw_frames\nosferatu_1of5_20min_fps0_5\nosferatu_000453.png,0.39039894369518063,0.0668112798264642,0.35362947593448396,0.25017756818539383,3,0.188625860605489,3,0,,
data\raw_frames\nosferatu_1of5_20min_fps0_5\nosferatu_000454.png,0.46067465182809897,0.053972146247917255,0.33653997296362664,0.2463948031857511,6,0.377251721210978,3,0,,
data\raw_frames\nosferatu_1of5_20min_fps0_5\nosferatu_000455.png,0.4059668647238203,0.08881134270175108,0.3056619195825081,0.2641158774629263,5,0.3143764343424817,3,0,,
data\raw_frames\nosferatu_1of5_20min_fps0_5\nosferatu_000456.png,0.338281618409884,0.13913672231129554,0.3453173630104687,0.2756885669325521,3,0.188625860605489,3,0,,
data\raw_frames\nosferatu_1of5_20min_fps0_5\nosferatu_000457.png,0.47992706466723256,0.02493633877204565,0.28464899871105664,0.23412861457698925,6,0.377251721210978,3,0,,
data\raw_frames\nosferatu_1of5_20min_fps0_5\nosferatu_000458.png,0.24129020088654154,0.1895501273224559,0.23402181772454336,0.2968640453007744,33,2.074884466660379,7,1,,
data\raw_frames\nosferatu_1of5_20min_fps0_5\nosferatu_000459.png,0.3578735577981075,0.13106353547738062,0.2702882831902921,0.2878988195409704,40,2.5150114747398535,7,1,,
data\raw_frames\nosferatu_1of5_20min_fps0_5\nosferatu_000460.png,0.215429595397529,0.20155301958565186,0.31016379012229245,0.2970990899955541,18,1.131755163632934,3,0,,
data\raw_frames\nosferatu_1of5_20min_fps0_5\nosferatu_000461.png,0.3229714860574051,0.23271401175767864,0.19784337766041057,0.3197337039319841,25,1.5718821717124083,6,1,,
data\raw_frames\nosferatu_1of5_20min_fps0_5\nosferatu_000462.png,0.27661982457794965,0.15522650822094375,0.2829576534942941,0.2865357039180168,28,1.7605080323178974,5,0,,
data\raw_frames\nosferatu_1of5_20min_fps0_5\nosferatu_000463.png,0.03475117105221793,0.5143009839982395,0.2426042943820931,0.24246449966211273,0,0.0,4,0,,
data\raw_frames\nosferatu_1of5_20min_fps0_5\nosferatu_000464.png,0.01822125813449024,0.5511333270458046,0.23695809362130216,0.23234835118032585,0,0.0,4,0,,
data\raw_frames\nosferatu_1of5_20min_fps0_5\nosferatu_000465.png,0.01766795561004747,0.5593825646829513,0.23283347480272878,0.22833511403688425,1,0.06287528686849633,4,0,,
data\raw_frames\nosferatu_1of5_20min_fps0_5\nosferatu_000466.png,0.018422459052469427,0.5499575591813638,0.23328617686818195,0.2313376190508161,0,0.0,4,0,,
data\raw_frames\nosferatu_1of5_20min_fps0_5\nosferatu_000467.png,0.018227545663177087,0.5787230029237008,0.22835675437769185,0.2312355942244898,0,0.0,4,0,,
data\raw_frames\nosferatu_1of5_20min_fps0_5\nosferatu_000468.png,0.01833443365085353,0.5871797290075136,0.2304379263730391,0.2336846469219405,0,0.0,4,0,,
data\raw_frames\nosferatu_1of5_20min_fps0_5\nosferatu_000469.png,0.7822440189883366,0.06080668993052281,0.10169448898110597,0.23037603409264795,2,0.12575057373699267,6,1,,
data\raw_frames\nosferatu_1of5_20min_fps0_5\nosferatu_000470.png,0.7259643497123456,0.08425917193247194,0.11807978873903612,0.2587861627520488,5,0.3143764343424817,6,1,,
data\raw_frames\nosferatu_1of5_20min_fps0_5\nosferatu_000471.png,0.6405042598006854,0.11445188468672389,0.13570373164827565,0.2852484821494762,6,0.377251721210978,6,1,,
data\raw_frames\nosferatu_1of5_20min_fps0_5\nosferatu_000472.png,0.7132635417649092,0.0601087742462825,0.17390046842088716,0.23562448630713023,5,0.3143764343424817,6,1,,
data\raw_frames\nosferatu_1of5_20min_fps0_5\nosferatu_000473.png,0.10233581690716465,0.10406488729604829,0.19200226351032726,0.2551525999778893,6,0.377251721210978,4,0,,
data\raw_frames\nosferatu_1of5_20min_fps0_5\nosferatu_000474.png,0.06885472664969033,0.0815052343676318,0.18479046810651073,0.22940858995680574,7,0.44012700807947436,4,0,,
data\raw_frames\nosferatu_1of5_20min_fps0_5\nosferatu_000475.png,0.11571567795278066,0.07489075418906599,0.154547455122764,0.2208141827648214,4,0.25150114747398533,4,0,,
data\raw_frames\nosferatu_1of5_20min_fps0_5\nosferatu_000476.png,0.6545946115879153,0.0,0.023150680624980352,0.03689921909590997,0,0.0,3,0,,
data\raw_frames\nosferatu_1of5_20min_fps0_5\nosferatu_000477.png,0.002452136187871357,0.006168065641799491,0.6168442893520701,0.17438210695754686,21,1.320381024238423,2,0,,
data\raw_frames\nosferatu_1of5_20min_fps0_5\nosferatu_000478.png,0.3010845986984816,0.001339243610298972,0.3845955547172184,0.13218336231642666,1,0.06287528686849633,0,0,,
data\raw_frames\nosferatu_1of5_20min_fps0_5\nosferatu_000479.png,0.30872394605300385,0.018573359740953817,0.3613002609324405,0.21035750921141733,30,1.88625860605489,5,0,,
data\raw_frames\nosferatu_1of5_20min_fps0_5\nosferatu_000480.png,0.18471501776226854,0.11985287182872773,0.3724480492942249,0.2503175275642797,37,2.3263856141343644,6,1,,
data\raw_frames\nosferatu_1of5_20min_fps0_5\nosferatu_000481.png,0.12854852400264077,0.11306234084693012,0.40938099280077966,0.24514374706595982,46,2.8922631959508314,6,1,,
data\raw_frames\nosferatu_1of5_20min_fps0_5\nosferatu_000482.png,0.2687226885472665,0.03497123455625766,0.3947059008456726,0.21689695367318168,32,2.0120091797918827,6,1,,
data\raw_frames\nosferatu_1of5_20min_fps0_5\nosferatu_000483.png,0.25077808167499765,0.09277248577446634,0.3285422364739539,0.24323620877107763,21,1.320381024238423,5,0,,
data\raw_frames\nosferatu_1of5_20min_fps0_5\nosferatu_000484.png,0.23967430601402118,0.0668993052280801,0.4005155773523217,0.23814580744614006,30,1.88625860605489,5,0,,
data\raw_frames\nosferatu_1of5_20min_fps0_5\nosferatu_000485.png,0.2642396805935427,0.04877236002389261,0.41319752271369736,0.21831159497174948,14,0.8802540161589487,3,0,,
data\raw_frames\nosferatu_1of5_20min_fps0_5\nosferatu_000486.png,0.5199849099311515,0.016775126536514823,0.30854160772108524,0.20733889837178412,6,0.377251721210978,3,0,,
data\raw_frames\nosferatu_1of5_20min_fps0_5\nosferatu_000487.png,0.3301518438177874,0.10923952340532554,0.2946524568518344,0.249603992524171,27,1.6976327454494011,5,0,,
data\raw_frames\nosferatu_1of5_20min_fps0_5\nosferatu_000488.png,0.34282750165047626,0.07529315602502436,0.3014681379483794,0.23115591925709345,26,1.6347574585809048,5,0,,
data\raw_frames\nosferatu_1of5_20min_fps0_5\nosferatu_000489.png,0.3592945392813355,0.10019805715363576,0.30126064950171333,0.25106276790464005,36,2.263510327265868,6,1,,
data\raw_frames\nosferatu_1of5_20min_fps0_5\nosferatu_000490.png,0.3423433619415889,0.09755100757647207,0.2719104655914993,0.24511120864532995,27,1.6976327454494011,6,1,,
data\raw_frames\nosferatu_1of5_20min_fps0_5\nosferatu_000491.png,0.4274890754189066,0.09174761859850986,0.2406111477883618,0.2456985596558501,21,1.320381024238423,6,1,,
data\raw_frames\nosferatu_1of5_20min_fps0_5\nosferatu_000492.png,0.280826181269452,0.12079600113175516,0.31833757741519697,0.2547452893341929,28,1.7605080323178974,5,0,,
data\raw_frames\nosferatu_1of5_20min_fps0_5\nosferatu_000493.png,0.3150491999119746,0.12116067779559245,0.3099060014461316,0.2593694438849263,40,2.5150114747398535,6,1,,
data\raw_frames\nosferatu_1of5_20min_fps0_5\nosferatu_000494.png,0.44880379766732686,0.08864786695589298,0.2573548366814424,0.23606249751405733,17,1.0688798767644376,4,0,,
data\raw_frames\nosferatu_1of5_20min_fps0_5\nosferatu_000495.png,0.08768587506680499,0.14803986293187463,0.2970354302241504,0.26688760095398756,17,1.0688798767644376,3,0,,
data\raw_frames\nosferatu_1of5_20min_fps0_5\nosferatu_000496.png,0.2575623251281084,0.14018673960199943,0.24603099751642618,0.2724911304759056,23,1.4461315979754157,6,1,,
data\raw_frames\nosferatu_1of5_20min_fps0_5\nosferatu_000497.png,0.23907699078877048,0.25087868213398723,0.17628972932189002,0.33414400156952595,6,0.377251721210978,4,0,,
data\raw_frames\nosferatu_1of5_20min_fps0_5\nosferatu_000498.png,0.3154327391618724,0.2153415699959131,0.17829545097299507,0.32716218074916203,4,0.25150114747398533,4,0,,
data\raw_frames\nosferatu_1of5_20min_fps0_5\nosferatu_000499.png,0.4132918356440001,0.05530510232952938,0.20544499984281178,0.2037291289622156,8,0.5030022949479707,4,0,,
data\raw_frames\nosferatu_1of5_20min_fps0_5\nosferatu_000500.png,0.41136785186582414,0.14325505360118204,0.15079380049671476,0.2761332964959542,2,0.12575057373699267,4,0,,
data\raw_frames\nosferatu_1of5_20min_fps0_5\nosferatu_000501.png,0.7348863529189852,0.046307648778647556,0.0814423590807633,0.17694112157061392,1,0.06287528686849633,5,0,,
data\raw_frames\nosferatu_1of5_20min_fps0_5\nosferatu_000502.png,0.9695935112703952,0.0,0.012977459209657644,0.02049405845479973,0,0.0,3,0,,
data\raw_frames\nosferatu_1of5_20min_fps0_5\nosferatu_000503.png,0.9665629224433336,0.0,0.017227828601967997,0.02462051211634682,0,0.0,3,0,,
data\raw_frames\nosferatu_1of5_20min_fps0_5\nosferatu_000504.png,0.9647018139520261,0.0,0.020862020182967084,0.028654889253534276,0,0.0,3,0,,
data\raw_frames\nosferatu_1of5_20min_fps0_5\nosferatu_000505.png,0.047389103712785687,0.3337105850545443,0.3245748058725518,0.3257262826099625,4,0.25150114747398533,3,0,,
data\raw_frames\nosferatu_1of5_20min_fps0_5\nosferatu_000506.png,0.14397811940016977,0.11271023924046654,0.4008613914300984,0.24992152172083631,10,0.6287528686849634,3,0,,
data\raw_frames\nosferatu_1of5_20min_fps0_5\nosferatu_000507.png,0.10297085730453645,0.09884623848596309,0.4748404539595712,0.23390142111947373,8,0.5030022949479707,3,0,,
data\raw_frames\nosferatu_1of5_20min_fps0_5\nosferatu_000508.png,0.2861768681819611,0.011437014681379485,0.15802445848659186,0.11102115066128307,8,0.5030022949479707,1,0,,
data\raw_frames\nosferatu_1of5_20min_fps0_5\nosferatu_000509.png,0.08194536137571128,0.013103209783394637,0.626677984218303,0.17663761031778513,49,3.0808890565563205,3,0,,
data\raw_frames\nosferatu_1of5_20min_fps0_5\nosferatu_000510.png,0.1897764783551825,0.02301235499386966,0.5916564494325506,0.19634131780234743,49,3.0808890565563205,6,1,,
data\raw_frames\nosferatu_1of5_20min_fps0_5\nosferatu_000511.png,0.15863434876921625,0.07153950139897514,0.5822125813449024,0.2265816038671023,82,5.155773523216699,6,1,,
data\raw_frames\nosferatu_1of5_20min_fps0_5\nosferatu_000512.png,0.1483542393662171,0.04863403439278192,0.6225910905718507,0.21261575293677168,85,5.344399383822188,6,1,,
data\raw_frames\nosferatu_1of5_20min_fps0_5\nosferatu_000513.png,0.10527838033261026,0.18170329152126757,0.4731302461567481,0.25496877209533003,33,2.074884466660379,6,1,,
data\raw_frames\nosferatu_1of5_20min_fps0_5\nosferatu_000514.png,0.19857273098808514,0.03865572636675155,0.5091514980037096,0.2404528041179718,14,0.8802540161589487,3,0,,
data\raw_frames\nosferatu_1of5_20min_fps0_5\nosferatu_000515.png,0.10266905592756767,0.07618598509855701,0.47719198968845294,0.24443950333061246,21,1.320381024238423,5,0,,
data\raw_frames\nosferatu_1of5_20min_fps0_5\nosferatu_000516.png,0.18965701531013235,0.05865635511962023,0.46286899933980946,0.2371500311460014,29,1.8233833191863937,5,0,,
data\raw_frames\nosferatu_1of5_20min_fps0_5\nosferatu_000517.png,0.026596246345373952,0.13970888742179885,0.3885252601464994,0.2571163951209515,5,0.3143764343424817,3,0,,
data\raw_frames\nosferatu_1of5_20min_fps0_5\nosferatu_000518.png,0.0041057562325128106,0.20982740733754598,0.3422804866547204,0.2828852307140344,13,0.8173787292904524,3,0,,
data\raw_frames\nosferatu_1of5_20min_fps0_5\nosferatu_000519.png,0.10913892294633594,0.11358420572793863,0.27260838127573955,0.261714800185786,4,0.25150114747398533,4,0,,
data\raw_frames\nosferatu_1of5_20min_fps0_5\nosferatu_000520.png,0.0013266685529252727,0.1634631708007168,0.2943003552453708,0.26404284517155024,6,0.377251721210978,3,0,,
data\raw_frames\nosferatu_1of5_20min_fps0_5\nosferatu_000521.png,0.3426891760193656,0.1396900248357383,0.1713477317740262,0.2836884620287216,15,0.943129303027445,4,0,,
data\raw_frames\nosferatu_1of5_20min_fps0_5\nosferatu_000522.png,0.9544405671350875,0.0,0.02453393693608727,0.02842712268755439,0,0.0,3,0,,
data\raw_frames\nosferatu_1of5_20min_fps0_5\nosferatu_000523.png,0.8133861485743029,0.0,0.022704266088214027,0.023131961600459855,0,0.0,3,0,,
data\raw_frames\nosferatu_1of5_20min_fps0_5\nosferatu_000524.png,0.9092395234053255,0.0,0.023584520104372977,0.023859390781954575,0,0.0,3,0,,
data\raw_frames\nosferatu_1of5_20min_fps0_5\nosferatu_000525.png,0.9285170863592065,0.0,0.024452199063158226,0.02505174390953548,0,0.0,3,0,,
data\raw_frames\nosferatu_1of5_20min_fps0_5\nosferatu_000526.png,0.0,0.26882328900625607,0.5537866641516552,0.3174649556900197,22,1.3832563111069194,5,0,,
data\raw_frames\nosferatu_1of5_20min_fps0_5\nosferatu_000527.png,0.0,0.2735703731648276,0.4344745197899965,0.2952825037971638,20,1.2575057373699268,5,0,,
data\raw_frames\nosferatu_1of5_20min_fps0_5\nosferatu_000528.png,0.09113772831588544,0.0815052343676318,0.47511710522179257,0.22921573172695148,29,1.8233833191863937,5,0,,
data\raw_frames\nosferatu_1of5_20min_fps0_5\nosferatu_000529.png,0.0850136753748939,0.1363827847464554,0.48714514759973593,0.2563083962543107,35,2.200635040397372,6,1,,
data\raw_frames\nosferatu_1of5_20min_fps0_5\nosferatu_000530.png,0.9540758904712503,0.0,0.027790876795875382,0.03882965134436993,0,0.0,3,0,,
data\raw_frames\nosferatu_1of5_20min_fps0_5\nosferatu_000531.png,0.9470527209280393,0.0,0.036109277248577445,0.04900341143087319,0,0.0,3,0,,
data\raw_frames\nosferatu_1of5_20min_fps0_5\nosferatu_000532.png,0.9440409946870383,0.0,0.038743751768367446,0.05191846626937334,0,0.0,3,0,,
data\raw_frames\nosferatu_1of5_20min_fps0_5\nosferatu_000533.png,0.9289509258385992,0.0,0.044213901725926624,0.04886907162779808,0,0.0,3,0,,
data\raw_frames\nosferatu_1of5_20min_fps0_5\nosferatu_000534.png,0.09255870979911346,0.21441101575025936,0.39468703825961204,0.2885603349902053,50,3.1437643434248166,6,1,,
data\raw_frames\nosferatu_1of5_20min_fps0_5\nosferatu_000535.png,0.15708761671225124,0.11738816058348266,0.3824766575497501,0.26519029604597955,29,1.8233833191863937,5,0,,
data\raw_frames\nosferatu_1of5_20min_fps0_5\nosferatu_000536.png,0.3051966424596812,0.06100789084850199,0.3331509950014147,0.21740354232380105,14,0.8802540161589487,3,0,,
data\raw_frames\nosferatu_1of5_20min_fps0_5\nosferatu_000537.png,0.4471627526800591,0.24744569147096734,0.06163035618850011,0.34789183795632345,0,0.0,4,0,,
data\raw_frames\nosferatu_1of5_20min_fps0_5\nosferatu_000538.png,0.5816278411770254,0.22264767833003238,0.04433965229966362,0.34013766591578826,1,0.06287528686849633,4,0,,
data\raw_frames\nosferatu_1of5_20min_fps0_5\nosferatu_000539.png,0.46224653399981136,0.22482316325568236,0.06321481341758622,0.34073037124140876,0,0.0,4,0,,
data\raw_frames\nosferatu_1of5_20min_fps0_5\nosferatu_000540.png,0.39371247131315035,0.1992266339715175,0.08815115218963186,0.32103103913601383,2,0.12575057373699267,4,0,,
data\raw_frames\nosferatu_1of5_20min_fps0_5\nosferatu_000541.png,0.47042660882140275,0.14988839636580842,0.08288220315005188,0.289151452166645,13,0.8173787292904524,4,0,,
data\raw_frames\nosferatu_1of5_20min_fps0_5\nosferatu_000542.png,0.2850011003175202,0.313276116822283,0.12338017542205036,0.3625144237492586,0,0.0,4,0,,
data\raw_frames\nosferatu_1of5_20min_fps0_5\nosferatu_000543.png,0.37386274324876606,0.077399478135119,0.389084850199629,0.2577795962565389,53,3.3323902040303057,6,1,,
data\raw_frames\nosferatu_1of5_20min_fps0_5\nosferatu_000544.png,0.32439246754063317,0.09777735860919866,0.38638750039297054,0.2623866213499757,65,4.086893646452261,6,1,,
data\raw_frames\nosferatu_1of5_20min_fps0_5\nosferatu_000545.png,0.3849602313810557,0.06346002703637335,0.3779496368952183,0.2436366923085852,46,2.8922631959508314,6,1,,
data\raw_frames\nosferatu_1of5_20min_fps0_5\nosferatu_000546.png,0.388669873306297,0.06215850859819548,0.3818856298531862,0.2389017875582208,37,2.3263856141343644,6,1,,
data\raw_frames\nosferatu_1of5_20min_fps0_5\nosferatu_000547.png,0.9407148920116948,0.0,0.031324467917884874,0.03633803247436747,0,0.0,3,0,,
data\raw_frames\nosferatu_1of5_20min_fps0_5\nosferatu_000548.png,0.9344462259109058,0.0,0.03836021251846961,0.03928561118874282,0,0.0,3,0,,
data\raw_frames\nosferatu_1of5_20min_fps0_5\nosferatu_000549.png,0.926196988273759,0.0,0.04836367065924738,0.049387695332764416,0,0.0,3,0,,
data\raw_frames\nosferatu_1of5_20min_fps0_5\nosferatu_000550.png,0.9218523059511459,0.0,0.05279009085478952,0.05403517107397438,0,0.0,3,0,,
data\raw_frames\nosferatu_1of5_20min_fps0_5\nosferatu_000551.png,0.0,0.3980885912791977,0.14132478229431922,0.3539480548372386,1,0.06287528686849633,4,0,,
data\raw_frames\nosferatu_1of5_20min_fps0_5\nosferatu_000552.png,0.3020654531736301,0.2164293124587381,0.1673551510578767,0.32247279474444734,4,0.25150114747398533,4,0,,
data\raw_frames\nosferatu_1of5_20min_fps0_5\nosferatu_000553.png,0.3807287245748059,0.3255745229337609,0.11674054512873715,0.3516722721376842,1,0.06287528686849633,4,0,,
data\raw_frames\nosferatu_1of5_20min_fps0_5\nosferatu_000554.png,0.4911062906724512,0.026181269452041876,0.3403062026470496,0.22469929471465983,25,1.5718821717124083,5,0,,
data\raw_frames\nosferatu_1of5_20min_fps0_5\nosferatu_000555.png,0.23052595177465496,0.2388506397560439,0.2942060423150681,0.3168788906215239,22,1.3832563111069194,5,0,,
data\raw_frames\nosferatu_1of5_20min_fps0_5\nosferatu_000556.png,0.27319312144361657,0.1268446037285045,0.3371813008896853,0.277848248674623,26,1.6347574585809048,5,0,,
data\raw_frames\nosferatu_1of5_20min_fps0_5\nosferatu_000557.png,0.361363136219309,0.10007230657989877,0.343424816875727,0.2647497087605572,29,1.8233833191863937,5,0,,
data\raw_frames\nosferatu_1of5_20min_fps0_5\nosferatu_000558.png,0.3904618189820491,0.08878619258700368,0.30817693105724797,0.2575166685666786,24,1.509006884843912,5,0,,
data\raw_frames\nosferatu_1of5_20min_fps0_5\nosferatu_000559.png,0.4451255933855198,0.09655129051526297,0.2806815681096545,0.2689225429213168,25,1.5718821717124083,5,0,,
data\raw_frames\nosferatu_1of5_20min_fps0_5\nosferatu_000560.png,0.48128517086359207,0.10508975447200478,0.23309126347888962,0.2757400023392903,18,1.131755163632934,4,0,,
data\raw_frames\nosferatu_1of5_20min_fps0_5\nosferatu_000561.png,0.7349743783206011,0.079908202081172,0.11765852431701719,0.2517992788973786,10,0.6287528686849634,6,1,,
data\raw_frames\nosferatu_1of5_20min_fps0_5\nosferatu_000562.png,0.6478480933069257,0.11340815492470685,0.1365588355496872,0.282814812595446,8,0.5030022949479707,6,1,,
data\raw_frames\nosferatu_1of5_20min_fps0_5\nosferatu_000563.png,0.663183375774152,0.08008425288440378,0.11809236379640982,0.24072219419433302,12,0.754503442421956,6,1,,
data\raw_frames\nosferatu_1of5_20min_fps0_5\nosferatu_000564.png,0.6810462447734917,0.03397151749504857,0.13423873746423967,0.18694720604845874,20,1.2575057373699268,8,1,,
data\raw_frames\nosferatu_1of5_20min_fps0_5\nosferatu_000565.png,0.6438303624760288,0.0730296456977585,0.13736363922160394,0.23094086257919932,13,0.8173787292904524,6,1,,
data\raw_frames\nosferatu_1of5_20min_fps0_5\nosferatu_000566.png,0.6468798138891508,0.0592599578735578,0.13446508849696626,0.2146110026305055,14,0.8802540161589487,6,1,,
data\raw_frames\nosferatu_1of5_20min_fps0_5\nosferatu_000567.png,0.731635700587884,0.01818982049105599,0.11660221949762646,0.15538720493040037,17,1.0688798767644376,5,0,,
data\raw_frames\nosferatu_1of5_20min_fps0_5\nosferatu_000568.png,0.11858907856267094,0.2874720990914521,0.3093778490364362,0.32225402403557074,18,1.131755163632934,3,0,,
data\raw_frames\nosferatu_1of5_20min_fps0_5\nosferatu_000569.png,0.4326322738847496,0.1974535508818259,0.20849445125593385,0.3129105071980847,12,0.754503442421956,4,0,,
data\raw_frames\nosferatu_1of5_20min_fps0_5\nosferatu_000570.png,0.35658461441730327,0.20953818101795088,0.21478826747147034,0.30615313424956664,13,0.8173787292904524,4,0,,
data\raw_frames\nosferatu_1of5_20min_fps0_5\nosferatu_000571.png,0.36716023766858435,0.06408877990505832,0.3784274890754189,0.2372929284650335,20,1.2575057373699268,5,0,,
data\raw_frames\nosferatu_1of5_20min_fps0_5\nosferatu_000572.png,0.5276556949291081,0.07539375648401396,0.2017605080323179,0.2355658905109198,11,0.6916281555534597,4,0,,
data\raw_frames\nosferatu_1of5_20min_fps0_5\nosferatu_000573.png,0.2530730296456978,0.0868622088088277,0.2558395422679116,0.23500280732106898,11,0.6916281555534597,4,0,,
data\raw_frames\nosferatu_1of5_20min_fps0_5\nosferatu_000574.png,0.16053318243264486,0.11758936150146185,0.30981168851582885,0.24926793649347043,12,0.754503442421956,3,0,,
data\raw_frames\nosferatu_1of5_20min_fps0_5\nosferatu_000575.png,0.45107988305196645,0.02984061114778836,0.25071520638812916,0.18260083214927206,24,1.509006884843912,6,1,,
data\raw_frames\nosferatu_1of5_20min_fps0_5\nosferatu_000576.png,0.5117545348800654,0.10337325914049483,0.22644534565688956,0.2605041717983503,19,1.1946304505014305,4,0,,
data\raw_frames\nosferatu_1of5_20min_fps0_5\nosferatu_000577.png,0.5513345279637838,0.06907479015373008,0.18979534094124303,0.22971819751811903,22,1.3832563111069194,6,1,,
data\raw_frames\nosferatu_1of5_20min_fps0_5\nosferatu_000578.png,0.5170046213335848,0.03451224496211764,0.23836650004715645,0.20496631423087702,7,0.44012700807947436,4,0,,
data\raw_frames\nosferatu_1of5_20min_fps0_5\nosferatu_000579.png,0.34400955704360403,0.23476374610959164,0.24220189254613475,0.32157541203783896,2,0.12575057373699267,4,0,,
data\raw_frames\nosferatu_1of5_20min_fps0_5\nosferatu_000580.png,0.5939262472885033,0.0,0.16871954478292306,0.12443730876802309,0,0.0,1,0,,
data\raw_frames\nosferatu_1of5_20min_fps0_5\nosferatu_000581.png,0.28264956458863844,0.27478386620138956,0.280115690527838,0.3331824510367104,6,0.377251721210978,3,0,,
data\raw_frames\nosferatu_1of5_20min_fps0_5\nosferatu_000582.png,0.34063315413876577,0.2958596623597095,0.2600081737872929,0.3558571463619239,16,1.0060045898959413,4,0,,
data\raw_frames\nosferatu_1of5_20min_fps0_5\nosferatu_000583.png,0.19642239617718255,0.33601182055393125,0.31371624383036245,0.33282458397681597,24,1.509006884843912,5,0,,
data\raw_frames\nosferatu_1of5_20min_fps0_5\nosferatu_000584.png,0.21876827313024616,0.019598226916910308,0.582728158697224,0.23425852149634377,34,2.1377597535288753,6,1,,
data\raw_frames\nosferatu_1of5_20min_fps0_5\nosferatu_000585.png,0.30024835738313055,0.01030525951774655,0.5722845735483668,0.22982201481823603,31,1.9491338929233863,3,0,,
data\raw_frames\nosferatu_1of5_20min_fps0_5\nosferatu_000586.png,0.1861548618315571,0.16865038196736773,0.4464899871105662,0.26995939439603583,37,2.3263856141343644,6,1,,
data\raw_frames\nosferatu_1of5_20min_fps0_5\nosferatu_000587.png,0.23709013172372598,0.031500518721116665,0.5912100348957842,0.2235099743374643,25,1.5718821717124083,5,0,,
data\raw_frames\nosferatu_1of5_20min_fps0_5\nosferatu_000588.png,0.1367097362381716,0.22914269546354804,0.4564431450218492,0.26418454462020363,29,1.8233833191863937,5,0,,
data\raw_frames\nosferatu_1of5_20min_fps0_5\nosferatu_000589.png,0.15911220094941683,0.3387280329466503,0.32224213272973057,0.2993367945681498,27,1.6976327454494011,5,0,,
data\raw_frames\nosferatu_1of5_20min_fps0_5\nosferatu_000590.png,0.19864818133232734,0.24254141909522461,0.34846741488258043,0.2948053693268921,36,2.263510327265868,6,1,,
data\raw_frames\nosferatu_1of5_20min_fps0_5\nosferatu_000591.png,0.0635920651387972,0.30588198308654785,0.44227734289037696,0.25753960595590497,52,3.2695149171618096,6,1,,
data\raw_frames\nosferatu_1of5_20min_fps0_5\nosferatu_000592.png,0.15217076927913484,0.43693923103524157,0.19894369518060925,0.3515834090430151,4,0.25150114747398533,4,0,,
data\raw_frames\nosferatu_1of5_20min_fps0_5\nosferatu_000593.png,0.3584960231381056,0.1512653651482285,0.3325599673048508,0.3073340841820658,36,2.263510327265868,6,1,,
data\raw_frames\nosferatu_1of5_20min_fps0_5\nosferatu_000594.png,0.4993806784243453,0.1545348800653903,0.23289635008959728,0.30327784508303707,3,0.188625860605489,4,0,,
data\raw_frames\nosferatu_1of5_20min_fps0_5\nosferatu_000595.png,0.19893740765192242,0.5162186802477287,0.15247257065610362,0.34081129267870647,0,0.0,4,0,,
