rank,frame_path,grain_score,manual_keep,notes
1,data\raw_frames\nosferatu_1of5_20min_fps0_5\nosferatu_000285.png,0.012411789037287235,,
2,data\raw_frames\nosferatu_1of5_20min_fps0_5\nosferatu_000284.png,0.011876948177814484,,
3,data\raw_frames\nosferatu_1of5_20min_fps0_5\nosferatu_000281.png,0.011382143944501877,,
4,data\raw_frames\nosferatu_1of5_20min_fps0_5\nosferatu_000050.png,0.011003145016729832,,
5,data\raw_frames\nosferatu_1of5_20min_fps0_5\nosferatu_000049.png,0.010954023338854313,,
6,data\raw_frames\nosferatu_1of5_20min_fps0_5\nosferatu_000282.png,0.010937425307929516,,
7,data\raw_frames\nosferatu_1of5_20min_fps0_5\nosferatu_000051.png,0.010874278843402863,,
8,data\raw_frames\nosferatu_1of5_20min_fps0_5\nosferatu_000047.png,0.010843019001185894,,
9,data\raw_frames\nosferatu_1of5_20min_fps0_5\nosferatu_000048.png,0.010820942930877209,,
10,data\raw_frames\nosferatu_1of5_20min_fps0_5\nosferatu_000055.png,0.01070848572999239,,
11,data\raw_frames\nosferatu_1of5_20min_fps0_5\nosferatu_000054.png,0.010567466728389263,,
12,data\raw_frames\nosferatu_1of5_20min_fps0_5\nosferatu_000278.png,0.010544615797698498,,
13,data\raw_frames\nosferatu_1of5_20min_fps0_5\nosferatu_000082.png,0.01052196603268385,,
14,data\raw_frames\nosferatu_1of5_20min_fps0_5\nosferatu_000053.png,0.010512170381844044,,
15,data\raw_frames\nosferatu_1of5_20min_fps0_5\nosferatu_000052.png,0.01040418166667223,,
16,data\raw_frames\nosferatu_1of5_20min_fps0_5\nosferatu_000056.png,0.010393048636615276,,
17,data\raw_frames\nosferatu_1of5_20min_fps0_5\nosferatu_000272.png,0.010185951367020607,,
18,data\raw_frames\nosferatu_1of5_20min_fps0_5\nosferatu_000283.png,0.010167254135012627,,
19,data\raw_frames\nosferatu_1of5_20min_fps0_5\nosferatu_000266.png,0.010148177854716778,,
20,data\raw_frames\nosferatu_1of5_20min_fps0_5\nosferatu_000027.png,0.01007008831948042,,
21,data\raw_frames\nosferatu_1of5_20min_fps0_5\nosferatu_000590.png,0.01006515696644783,,
22,data\raw_frames\nosferatu_1of5_20min_fps0_5\nosferatu_000586.png,0.010002054274082184,,
23,data\raw_frames\nosferatu_1of5_20min_fps0_5\nosferatu_000029.png,0.009995751082897186,,
24,data\raw_frames\nosferatu_1of5_20min_fps0_5\nosferatu_000279.png,0.009918211959302425,,
25,data\raw_frames\nosferatu_1of5_20min_fps0_5\nosferatu_000026.png,0.009883378632366657,,
26,data\raw_frames\nosferatu_1of5_20min_fps0_5\nosferatu_000273.png,0.009875205345451832,,
27,data\raw_frames\nosferatu_1of5_20min_fps0_5\nosferatu_000030.png,0.009808414615690708,,
28,data\raw_frames\nosferatu_1of5_20min_fps0_5\nosferatu_000372.png,0.009806022979319096,,
29,data\raw_frames\nosferatu_1of5_20min_fps0_5\nosferatu_000032.png,0.009769905358552933,,
30,data\raw_frames\nosferatu_1of5_20min_fps0_5\nosferatu_000591.png,0.00976322591304779,,
31,data\raw_frames\nosferatu_1of5_20min_fps0_5\nosferatu_000152.png,0.009718566201627254,,
32,data\raw_frames\nosferatu_1of5_20min_fps0_5\nosferatu_000025.png,0.009600152261555195,,
33,data\raw_frames\nosferatu_1of5_20min_fps0_5\nosferatu_000286.png,0.009553532116115093,,
34,data\raw_frames\nosferatu_1of5_20min_fps0_5\nosferatu_000085.png,0.00945387315005064,,
35,data\raw_frames\nosferatu_1of5_20min_fps0_5\nosferatu_000374.png,0.009444239549338818,,
36,data\raw_frames\nosferatu_1of5_20min_fps0_5\nosferatu_000028.png,0.009374216198921204,,
37,data\raw_frames\nosferatu_1of5_20min_fps0_5\nosferatu_000267.png,0.009359445422887802,,
38,data\raw_frames\nosferatu_1of5_20min_fps0_5\nosferatu_000270.png,0.009332253597676754,,
39,data\raw_frames\nosferatu_1of5_20min_fps0_5\nosferatu_000265.png,0.0093282051384449,,
40,data\raw_frames\nosferatu_1of5_20min_fps0_5\nosferatu_000269.png,0.009288671426475048,,
41,data\raw_frames\nosferatu_1of5_20min_fps0_5\nosferatu_000588.png,0.009287652559578419,,
42,data\raw_frames\nosferatu_1of5_20min_fps0_5\nosferatu_000031.png,0.009270773269236088,,
43,data\raw_frames\nosferatu_1of5_20min_fps0_5\nosferatu_000589.png,0.009224903769791126,,
44,data\raw_frames\nosferatu_1of5_20min_fps0_5\nosferatu_000035.png,0.009224588982760906,,
45,data\raw_frames\nosferatu_1of5_20min_fps0_5\nosferatu_000034.png,0.009174236096441746,,
46,data\raw_frames\nosferatu_1of5_20min_fps0_5\nosferatu_000024.png,0.009138171561062336,,
47,data\raw_frames\nosferatu_1of5_20min_fps0_5\nosferatu_000064.png,0.009130400605499744,,
48,data\raw_frames\nosferatu_1of5_20min_fps0_5\nosferatu_000083.png,0.009116084314882755,,
49,data\raw_frames\nosferatu_1of5_20min_fps0_5\nosferatu_000587.png,0.00909466203302145,,
50,data\raw_frames\nosferatu_1of5_20min_fps0_5\nosferatu_000373.png,0.009058433584868908,,
51,data\raw_frames\nosferatu_1of5_20min_fps0_5\nosferatu_000014.png,0.009029126726090908,,
52,data\raw_frames\nosferatu_1of5_20min_fps0_5\nosferatu_000371.png,0.009025865234434605,,
53,data\raw_frames\nosferatu_1of5_20min_fps0_5\nosferatu_000066.png,0.009025567211210728,,
54,data\raw_frames\nosferatu_1of5_20min_fps0_5\nosferatu_000300.png,0.009012007154524326,,
55,data\raw_frames\nosferatu_1of5_20min_fps0_5\nosferatu_000316.png,0.009007987566292286,,
56,data\raw_frames\nosferatu_1of5_20min_fps0_5\nosferatu_000059.png,0.009000309742987156,,
57,data\raw_frames\nosferatu_1of5_20min_fps0_5\nosferatu_000013.png,0.008998699486255646,,
58,data\raw_frames\nosferatu_1of5_20min_fps0_5\nosferatu_000368.png,0.008997579105198383,,
59,data\raw_frames\nosferatu_1of5_20min_fps0_5\nosferatu_000079.png,0.008975529111921787,,
60,data\raw_frames\nosferatu_1of5_20min_fps0_5\nosferatu_000061.png,0.008970125578343868,,
61,data\raw_frames\nosferatu_1of5_20min_fps0_5\nosferatu_000038.png,0.008968819864094257,,
62,data\raw_frames\nosferatu_1of5_20min_fps0_5\nosferatu_000063.png,0.008956295438110828,,
63,data\raw_frames\nosferatu_1of5_20min_fps0_5\nosferatu_000067.png,0.008953758515417576,,
64,data\raw_frames\nosferatu_1of5_20min_fps0_5\nosferatu_000042.png,0.00892252940684557,,
65,data\raw_frames\nosferatu_1of5_20min_fps0_5\nosferatu_000062.png,0.008916512131690979,,
66,data\raw_frames\nosferatu_1of5_20min_fps0_5\nosferatu_000039.png,0.0089057432487607,,
67,data\raw_frames\nosferatu_1of5_20min_fps0_5\nosferatu_000033.png,0.008905370719730854,,
68,data\raw_frames\nosferatu_1of5_20min_fps0_5\nosferatu_000060.png,0.008891087956726551,,
69,data\raw_frames\nosferatu_1of5_20min_fps0_5\nosferatu_000043.png,0.008879412896931171,,
70,data\raw_frames\nosferatu_1of5_20min_fps0_5\nosferatu_000237.png,0.008831373415887356,,
71,data\raw_frames\nosferatu_1of5_20min_fps0_5\nosferatu_000044.png,0.008827253244817257,,
72,data\raw_frames\nosferatu_1of5_20min_fps0_5\nosferatu_000299.png,0.008822786621749401,,
73,data\raw_frames\nosferatu_1of5_20min_fps0_5\nosferatu_000036.png,0.008778535760939121,,
74,data\raw_frames\nosferatu_1of5_20min_fps0_5\nosferatu_000037.png,0.00875763688236475,,
75,data\raw_frames\nosferatu_1of5_20min_fps0_5\nosferatu_000277.png,0.008754228241741657,,
76,data\raw_frames\nosferatu_1of5_20min_fps0_5\nosferatu_000544.png,0.008741531521081924,,
77,data\raw_frames\nosferatu_1of5_20min_fps0_5\nosferatu_000295.png,0.008735922165215015,,
78,data\raw_frames\nosferatu_1of5_20min_fps0_5\nosferatu_000041.png,0.008733936585485935,,
79,data\raw_frames\nosferatu_1of5_20min_fps0_5\nosferatu_000012.png,0.00873142946511507,,
80,data\raw_frames\nosferatu_1of5_20min_fps0_5\nosferatu_000543.png,0.008695418946444988,,
81,data\raw_frames\nosferatu_1of5_20min_fps0_5\nosferatu_000065.png,0.008681577630341053,,
82,data\raw_frames\nosferatu_1of5_20min_fps0_5\nosferatu_000271.png,0.008679620921611786,,
83,data\raw_frames\nosferatu_1of5_20min_fps0_5\nosferatu_000290.png,0.008664870634675026,,
84,data\raw_frames\nosferatu_1of5_20min_fps0_5\nosferatu_000238.png,0.008650078438222408,,
85,data\raw_frames\nosferatu_1of5_20min_fps0_5\nosferatu_000296.png,0.008641225285828114,,
86,data\raw_frames\nosferatu_1of5_20min_fps0_5\nosferatu_000084.png,0.00862014852464199,,
87,data\raw_frames\nosferatu_1of5_20min_fps0_5\nosferatu_000040.png,0.008618916384875774,,
88,data\raw_frames\nosferatu_1of5_20min_fps0_5\nosferatu_000204.png,0.008554638363420963,,
89,data\raw_frames\nosferatu_1of5_20min_fps0_5\nosferatu_000058.png,0.008509845472872257,,
90,data\raw_frames\nosferatu_1of5_20min_fps0_5\nosferatu_000008.png,0.008501382544636726,,
91,data\raw_frames\nosferatu_1of5_20min_fps0_5\nosferatu_000009.png,0.008478852920234203,,
92,data\raw_frames\nosferatu_1of5_20min_fps0_5\nosferatu_000297.png,0.008465887978672981,,
93,data\raw_frames\nosferatu_1of5_20min_fps0_5\nosferatu_000512.png,0.008465776219964027,,
94,data\raw_frames\nosferatu_1of5_20min_fps0_5\nosferatu_000268.png,0.008463092148303986,,
95,data\raw_frames\nosferatu_1of5_20min_fps0_5\nosferatu_000011.png,0.00846300832927227,,
96,data\raw_frames\nosferatu_1of5_20min_fps0_5\nosferatu_000023.png,0.008425001986324787,,
97,data\raw_frames\nosferatu_1of5_20min_fps0_5\nosferatu_000511.png,0.008394603617489338,,
98,data\raw_frames\nosferatu_1of5_20min_fps0_5\nosferatu_000292.png,0.00831611268222332,,
99,data\raw_frames\nosferatu_1of5_20min_fps0_5\nosferatu_000022.png,0.008303853683173656,,
100,data\raw_frames\nosferatu_1of5_20min_fps0_5\nosferatu_000239.png,0.00830089021474123,,
101,data\raw_frames\nosferatu_1of5_20min_fps0_5\nosferatu_000545.png,0.00830011535435915,,
102,data\raw_frames\nosferatu_1of5_20min_fps0_5\nosferatu_000585.png,0.008297604508697987,,
103,data\raw_frames\nosferatu_1of5_20min_fps0_5\nosferatu_000294.png,0.008248946629464626,,
104,data\raw_frames\nosferatu_1of5_20min_fps0_5\nosferatu_000010.png,0.00818018987774849,,
105,data\raw_frames\nosferatu_1of5_20min_fps0_5\nosferatu_000288.png,0.008164162747561932,,
106,data\raw_frames\nosferatu_1of5_20min_fps0_5\nosferatu_000287.png,0.008123782463371754,,
107,data\raw_frames\nosferatu_1of5_20min_fps0_5\nosferatu_000298.png,0.00811620894819498,,
108,data\raw_frames\nosferatu_1of5_20min_fps0_5\nosferatu_000078.png,0.00805327296257019,,
109,data\raw_frames\nosferatu_1of5_20min_fps0_5\nosferatu_000546.png,0.008043408393859863,,
110,data\raw_frames\nosferatu_1of5_20min_fps0_5\nosferatu_000510.png,0.0079340860247612,,
111,data\raw_frames\nosferatu_1of5_20min_fps0_5\nosferatu_000509.png,0.007911399938166142,,
112,data\raw_frames\nosferatu_1of5_20min_fps0_5\nosferatu_000584.png,0.007894417271018028,,
113,data\raw_frames\nosferatu_1of5_20min_fps0_5\nosferatu_000291.png,0.007868411019444466,,
114,data\raw_frames\nosferatu_1of5_20min_fps0_5\nosferatu_000206.png,0.007853265851736069,,
115,data\raw_frames\nosferatu_1of5_20min_fps0_5\nosferatu_000293.png,0.007823143154382706,,
116,data\raw_frames\nosferatu_1of5_20min_fps0_5\nosferatu_000315.png,0.007807926740497351,,
117,data\raw_frames\nosferatu_1of5_20min_fps0_5\nosferatu_000369.png,0.007650811690837145,,
118,data\raw_frames\nosferatu_1of5_20min_fps0_5\nosferatu_000313.png,0.007627595216035843,,
119,data\raw_frames\nosferatu_1of5_20min_fps0_5\nosferatu_000534.png,0.007621496915817261,,
120,data\raw_frames\nosferatu_1of5_20min_fps0_5\nosferatu_000370.png,0.007615030277520418,,
121,data\raw_frames\nosferatu_1of5_20min_fps0_5\nosferatu_000205.png,0.007609546650201082,,
122,data\raw_frames\nosferatu_1of5_20min_fps0_5\nosferatu_000081.png,0.0076078977435827255,,
123,data\raw_frames\nosferatu_1of5_20min_fps0_5\nosferatu_000240.png,0.00754782697185874,,
124,data\raw_frames\nosferatu_1of5_20min_fps0_5\nosferatu_000019.png,0.007470158394426107,,
125,data\raw_frames\nosferatu_1of5_20min_fps0_5\nosferatu_000264.png,0.007430190686136484,,
126,data\raw_frames\nosferatu_1of5_20min_fps0_5\nosferatu_000317.png,0.007404230069369078,,
127,data\raw_frames\nosferatu_1of5_20min_fps0_5\nosferatu_000242.png,0.007403098046779633,,
128,data\raw_frames\nosferatu_1of5_20min_fps0_5\nosferatu_000318.png,0.007348573300987482,,
129,data\raw_frames\nosferatu_1of5_20min_fps0_5\nosferatu_000020.png,0.00734597397968173,,
130,data\raw_frames\nosferatu_1of5_20min_fps0_5\nosferatu_000021.png,0.007334367837756872,,
131,data\raw_frames\nosferatu_1of5_20min_fps0_5\nosferatu_000080.png,0.007322291377931833,,
132,data\raw_frames\nosferatu_1of5_20min_fps0_5\nosferatu_000241.png,0.0073184240609407425,,
133,data\raw_frames\nosferatu_1of5_20min_fps0_5\nosferatu_000481.png,0.0073059299029409885,,
134,data\raw_frames\nosferatu_1of5_20min_fps0_5\nosferatu_000289.png,0.007300643250346184,,
135,data\raw_frames\nosferatu_1of5_20min_fps0_5\nosferatu_000123.png,0.007285463158041239,,
136,data\raw_frames\nosferatu_1of5_20min_fps0_5\nosferatu_000323.png,0.007230114191770554,,
137,data\raw_frames\nosferatu_1of5_20min_fps0_5\nosferatu_000224.png,0.007188639137893915,,
138,data\raw_frames\nosferatu_1of5_20min_fps0_5\nosferatu_000359.png,0.007187591399997473,,
139,data\raw_frames\nosferatu_1of5_20min_fps0_5\nosferatu_000557.png,0.007162772119045258,,
140,data\raw_frames\nosferatu_1of5_20min_fps0_5\nosferatu_000018.png,0.007158221211284399,,
141,data\raw_frames\nosferatu_1of5_20min_fps0_5\nosferatu_000480.png,0.007132123690098524,,
142,data\raw_frames\nosferatu_1of5_20min_fps0_5\nosferatu_000559.png,0.007046297192573547,,
143,data\raw_frames\nosferatu_1of5_20min_fps0_5\nosferatu_000122.png,0.006977760698646307,,
144,data\raw_frames\nosferatu_1of5_20min_fps0_5\nosferatu_000484.png,0.00696202740073204,,
145,data\raw_frames\nosferatu_1of5_20min_fps0_5\nosferatu_000333.png,0.006944873835891485,,
146,data\raw_frames\nosferatu_1of5_20min_fps0_5\nosferatu_000133.png,0.0069226957857608795,,
147,data\raw_frames\nosferatu_1of5_20min_fps0_5\nosferatu_000558.png,0.006898514926433563,,
148,data\raw_frames\nosferatu_1of5_20min_fps0_5\nosferatu_000227.png,0.0068925474770367146,,
149,data\raw_frames\nosferatu_1of5_20min_fps0_5\nosferatu_000154.png,0.006888866424560547,,
150,data\raw_frames\nosferatu_1of5_20min_fps0_5\nosferatu_000319.png,0.006882946938276291,,
151,data\raw_frames\nosferatu_1of5_20min_fps0_5\nosferatu_000136.png,0.006880639586597681,,
152,data\raw_frames\nosferatu_1of5_20min_fps0_5\nosferatu_000112.png,0.006868375930935144,,
153,data\raw_frames\nosferatu_1of5_20min_fps0_5\nosferatu_000386.png,0.006860403344035149,,
154,data\raw_frames\nosferatu_1of5_20min_fps0_5\nosferatu_000226.png,0.0068145450204610825,,
155,data\raw_frames\nosferatu_1of5_20min_fps0_5\nosferatu_000314.png,0.006801526993513107,,
156,data\raw_frames\nosferatu_1of5_20min_fps0_5\nosferatu_000492.png,0.006792671512812376,,
157,data\raw_frames\nosferatu_1of5_20min_fps0_5\nosferatu_000225.png,0.006743328180164099,,
158,data\raw_frames\nosferatu_1of5_20min_fps0_5\nosferatu_000114.png,0.006726207677274942,,
159,data\raw_frames\nosferatu_1of5_20min_fps0_5\nosferatu_000485.png,0.0067177265882492065,,
160,data\raw_frames\nosferatu_1of5_20min_fps0_5\nosferatu_000555.png,0.006695326883345842,,
161,data\raw_frames\nosferatu_1of5_20min_fps0_5\nosferatu_000113.png,0.0066827996633946896,,
162,data\raw_frames\nosferatu_1of5_20min_fps0_5\nosferatu_000383.png,0.006675401236861944,,
163,data\raw_frames\nosferatu_1of5_20min_fps0_5\nosferatu_000017.png,0.006619755178689957,,
164,data\raw_frames\nosferatu_1of5_20min_fps0_5\nosferatu_000357.png,0.006609445903450251,,
165,data\raw_frames\nosferatu_1of5_20min_fps0_5\nosferatu_000495.png,0.006605745758861303,,
166,data\raw_frames\nosferatu_1of5_20min_fps0_5\nosferatu_000493.png,0.006596170831471682,,
167,data\raw_frames\nosferatu_1of5_20min_fps0_5\nosferatu_000535.png,0.006583275739103556,,
168,data\raw_frames\nosferatu_1of5_20min_fps0_5\nosferatu_000312.png,0.006571849342435598,,
169,data\raw_frames\nosferatu_1of5_20min_fps0_5\nosferatu_000070.png,0.006571738515049219,,
170,data\raw_frames\nosferatu_1of5_20min_fps0_5\nosferatu_000529.png,0.00651633320376277,,
171,data\raw_frames\nosferatu_1of5_20min_fps0_5\nosferatu_000329.png,0.006478894501924515,,
172,data\raw_frames\nosferatu_1of5_20min_fps0_5\nosferatu_000364.png,0.006473158951848745,,
173,data\raw_frames\nosferatu_1of5_20min_fps0_5\nosferatu_000560.png,0.0064720637165009975,,
174,data\raw_frames\nosferatu_1of5_20min_fps0_5\nosferatu_000102.png,0.006440397351980209,,
175,data\raw_frames\nosferatu_1of5_20min_fps0_5\nosferatu_000489.png,0.0064180041663348675,,
176,data\raw_frames\nosferatu_1of5_20min_fps0_5\nosferatu_000324.png,0.006402744445949793,,
177,data\raw_frames\nosferatu_1of5_20min_fps0_5\nosferatu_000116.png,0.006392797455191612,,
178,data\raw_frames\nosferatu_1of5_20min_fps0_5\nosferatu_000483.png,0.006388362497091293,,
179,data\raw_frames\nosferatu_1of5_20min_fps0_5\nosferatu_000111.png,0.006375057157129049,,
180,data\raw_frames\nosferatu_1of5_20min_fps0_5\nosferatu_000336.png,0.006370438262820244,,
181,data\raw_frames\nosferatu_1of5_20min_fps0_5\nosferatu_000217.png,0.0063546933233737946,,
182,data\raw_frames\nosferatu_1of5_20min_fps0_5\nosferatu_000583.png,0.0063459924422204494,,
183,data\raw_frames\nosferatu_1of5_20min_fps0_5\nosferatu_000097.png,0.006315120030194521,,
184,data\raw_frames\nosferatu_1of5_20min_fps0_5\nosferatu_000366.png,0.006242729723453522,,
185,data\raw_frames\nosferatu_1of5_20min_fps0_5\nosferatu_000482.png,0.006241964641958475,,
186,data\raw_frames\nosferatu_1of5_20min_fps0_5\nosferatu_000310.png,0.006239600013941526,,
187,data\raw_frames\nosferatu_1of5_20min_fps0_5\nosferatu_000335.png,0.0062235570512712,,
188,data\raw_frames\nosferatu_1of5_20min_fps0_5\nosferatu_000384.png,0.006220741663128138,,
189,data\raw_frames\nosferatu_1of5_20min_fps0_5\nosferatu_000153.png,0.006209030747413635,,
190,data\raw_frames\nosferatu_1of5_20min_fps0_5\nosferatu_000477.png,0.0062066675163805485,,
191,data\raw_frames\nosferatu_1of5_20min_fps0_5\nosferatu_000568.png,0.006177226547151804,,
192,data\raw_frames\nosferatu_1of5_20min_fps0_5\nosferatu_000487.png,0.006176672875881195,,
193,data\raw_frames\nosferatu_1of5_20min_fps0_5\nosferatu_000218.png,0.006161969155073166,,
194,data\raw_frames\nosferatu_1of5_20min_fps0_5\nosferatu_000115.png,0.006142761558294296,,
195,data\raw_frames\nosferatu_1of5_20min_fps0_5\nosferatu_000528.png,0.0061240303330123425,,
196,data\raw_frames\nosferatu_1of5_20min_fps0_5\nosferatu_000124.png,0.006112850736826658,,
197,data\raw_frames\nosferatu_1of5_20min_fps0_5\nosferatu_000216.png,0.0061096749268472195,,
198,data\raw_frames\nosferatu_1of5_20min_fps0_5\nosferatu_000307.png,0.006101866718381643,,
199,data\raw_frames\nosferatu_1of5_20min_fps0_5\nosferatu_000322.png,0.006086548790335655,,
200,data\raw_frames\nosferatu_1of5_20min_fps0_5\nosferatu_000365.png,0.006062923464924097,,
201,data\raw_frames\nosferatu_1of5_20min_fps0_5\nosferatu_000161.png,0.006028770934790373,,
202,data\raw_frames\nosferatu_1of5_20min_fps0_5\nosferatu_000490.png,0.006022626534104347,,
203,data\raw_frames\nosferatu_1of5_20min_fps0_5\nosferatu_000243.png,0.006002045702189207,,
204,data\raw_frames\nosferatu_1of5_20min_fps0_5\nosferatu_000358.png,0.0059934644959867,,
205,data\raw_frames\nosferatu_1of5_20min_fps0_5\nosferatu_000515.png,0.0059913028962910175,,
206,data\raw_frames\nosferatu_1of5_20min_fps0_5\nosferatu_000513.png,0.005989834200590849,,
207,data\raw_frames\nosferatu_1of5_20min_fps0_5\nosferatu_000582.png,0.005959193687886,,
208,data\raw_frames\nosferatu_1of5_20min_fps0_5\nosferatu_000380.png,0.005898720119148493,,
209,data\raw_frames\nosferatu_1of5_20min_fps0_5\nosferatu_000352.png,0.005872819572687149,,
210,data\raw_frames\nosferatu_1of5_20min_fps0_5\nosferatu_000135.png,0.005861545447260141,,
211,data\raw_frames\nosferatu_1of5_20min_fps0_5\nosferatu_000148.png,0.00585300475358963,,
212,data\raw_frames\nosferatu_1of5_20min_fps0_5\nosferatu_000141.png,0.0058382172137498856,,
213,data\raw_frames\nosferatu_1of5_20min_fps0_5\nosferatu_000467.png,0.005816696677356958,,
214,data\raw_frames\nosferatu_1of5_20min_fps0_5\nosferatu_000325.png,0.0058140321634709835,,
215,data\raw_frames\nosferatu_1of5_20min_fps0_5\nosferatu_000334.png,0.0058084093034267426,,
216,data\raw_frames\nosferatu_1of5_20min_fps0_5\nosferatu_000214.png,0.005798270460218191,,
217,data\raw_frames\nosferatu_1of5_20min_fps0_5\nosferatu_000465.png,0.005794815253466368,,
218,data\raw_frames\nosferatu_1of5_20min_fps0_5\nosferatu_000479.png,0.005791845265775919,,
219,data\raw_frames\nosferatu_1of5_20min_fps0_5\nosferatu_000143.png,0.0057862289249897,,
220,data\raw_frames\nosferatu_1of5_20min_fps0_5\nosferatu_000149.png,0.00578123377636075,,
221,data\raw_frames\nosferatu_1of5_20min_fps0_5\nosferatu_000108.png,0.005758980289101601,,
222,data\raw_frames\nosferatu_1of5_20min_fps0_5\nosferatu_000125.png,0.005757656414061785,,
223,data\raw_frames\nosferatu_1of5_20min_fps0_5\nosferatu_000168.png,0.005749767180532217,,
224,data\raw_frames\nosferatu_1of5_20min_fps0_5\nosferatu_000556.png,0.005746288225054741,,
225,data\raw_frames\nosferatu_1of5_20min_fps0_5\nosferatu_000016.png,0.005746044218540192,,
226,data\raw_frames\nosferatu_1of5_20min_fps0_5\nosferatu_000468.png,0.005728671792894602,,
227,data\raw_frames\nosferatu_1of5_20min_fps0_5\nosferatu_000146.png,0.005717068910598755,,
228,data\raw_frames\nosferatu_1of5_20min_fps0_5\nosferatu_000496.png,0.005703516770154238,,
229,data\raw_frames\nosferatu_1of5_20min_fps0_5\nosferatu_000233.png,0.0056967237032949924,,
230,data\raw_frames\nosferatu_1of5_20min_fps0_5\nosferatu_000231.png,0.005677723791450262,,
231,data\raw_frames\nosferatu_1of5_20min_fps0_5\nosferatu_000328.png,0.005655400454998016,,
232,data\raw_frames\nosferatu_1of5_20min_fps0_5\nosferatu_000145.png,0.0056436252780258656,,
233,data\raw_frames\nosferatu_1of5_20min_fps0_5\nosferatu_000142.png,0.005640476476401091,,
234,data\raw_frames\nosferatu_1of5_20min_fps0_5\nosferatu_000137.png,0.005631500389426947,,
235,data\raw_frames\nosferatu_1of5_20min_fps0_5\nosferatu_000228.png,0.005624186247587204,,
236,data\raw_frames\nosferatu_1of5_20min_fps0_5\nosferatu_000466.png,0.005604209378361702,,
237,data\raw_frames\nosferatu_1of5_20min_fps0_5\nosferatu_000101.png,0.005600450560450554,,
238,data\raw_frames\nosferatu_1of5_20min_fps0_5\nosferatu_000234.png,0.00559984939172864,,
239,data\raw_frames\nosferatu_1of5_20min_fps0_5\nosferatu_000464.png,0.005597135052084923,,
240,data\raw_frames\nosferatu_1of5_20min_fps0_5\nosferatu_000463.png,0.005583394318819046,,
241,data\raw_frames\nosferatu_1of5_20min_fps0_5\nosferatu_000356.png,0.005536168813705444,,
242,data\raw_frames\nosferatu_1of5_20min_fps0_5\nosferatu_000221.png,0.005528764333575964,,
243,data\raw_frames\nosferatu_1of5_20min_fps0_5\nosferatu_000488.png,0.0055244192481040955,,
244,data\raw_frames\nosferatu_1of5_20min_fps0_5\nosferatu_000232.png,0.005523861851543188,,
245,data\raw_frames\nosferatu_1of5_20min_fps0_5\nosferatu_000099.png,0.005512844771146774,,
246,data\raw_frames\nosferatu_1of5_20min_fps0_5\nosferatu_000103.png,0.005512623116374016,,
247,data\raw_frames\nosferatu_1of5_20min_fps0_5\nosferatu_000215.png,0.005493076052516699,,
248,data\raw_frames\nosferatu_1of5_20min_fps0_5\nosferatu_000309.png,0.005487953778356314,,
249,data\raw_frames\nosferatu_1of5_20min_fps0_5\nosferatu_000332.png,0.0054854354821145535,,
250,data\raw_frames\nosferatu_1of5_20min_fps0_5\nosferatu_000321.png,0.0054790545254945755,,
251,data\raw_frames\nosferatu_1of5_20min_fps0_5\nosferatu_000385.png,0.005466623231768608,,
252,data\raw_frames\nosferatu_1of5_20min_fps0_5\nosferatu_000229.png,0.00545877730473876,,
253,data\raw_frames\nosferatu_1of5_20min_fps0_5\nosferatu_000144.png,0.005452439188957214,,
254,data\raw_frames\nosferatu_1of5_20min_fps0_5\nosferatu_000230.png,0.005451804492622614,,
255,data\raw_frames\nosferatu_1of5_20min_fps0_5\nosferatu_000100.png,0.005445039365440607,,
256,data\raw_frames\nosferatu_1of5_20min_fps0_5\nosferatu_000350.png,0.005438355263322592,,
257,data\raw_frames\nosferatu_1of5_20min_fps0_5\nosferatu_000132.png,0.005427566822618246,,
258,data\raw_frames\nosferatu_1of5_20min_fps0_5\nosferatu_000308.png,0.005411842372268438,,
259,data\raw_frames\nosferatu_1of5_20min_fps0_5\nosferatu_000516.png,0.00540471775457263,,
260,data\raw_frames\nosferatu_1of5_20min_fps0_5\nosferatu_000147.png,0.005388988647609949,,
261,data\raw_frames\nosferatu_1of5_20min_fps0_5\nosferatu_000151.png,0.005381719674915075,,
262,data\raw_frames\nosferatu_1of5_20min_fps0_5\nosferatu_000140.png,0.005359909031540155,,
263,data\raw_frames\nosferatu_1of5_20min_fps0_5\nosferatu_000486.png,0.005359506234526634,,
264,data\raw_frames\nosferatu_1of5_20min_fps0_5\nosferatu_000236.png,0.0053582340478897095,,
265,data\raw_frames\nosferatu_1of5_20min_fps0_5\nosferatu_000574.png,0.005348048638552427,,
266,data\raw_frames\nosferatu_1of5_20min_fps0_5\nosferatu_000536.png,0.005328744649887085,,
267,data\raw_frames\nosferatu_1of5_20min_fps0_5\nosferatu_000337.png,0.005318578332662582,,
268,data\raw_frames\nosferatu_1of5_20min_fps0_5\nosferatu_000331.png,0.005315419286489487,,
269,data\raw_frames\nosferatu_1of5_20min_fps0_5\nosferatu_000069.png,0.00529053620994091,,
270,data\raw_frames\nosferatu_1of5_20min_fps0_5\nosferatu_000424.png,0.005282512400299311,,
271,data\raw_frames\nosferatu_1of5_20min_fps0_5\nosferatu_000220.png,0.005273894872516394,,
272,data\raw_frames\nosferatu_1of5_20min_fps0_5\nosferatu_000150.png,0.005273699760437012,,
273,data\raw_frames\nosferatu_1of5_20min_fps0_5\nosferatu_000138.png,0.0052704643458127975,,
274,data\raw_frames\nosferatu_1of5_20min_fps0_5\nosferatu_000494.png,0.005266495048999786,,
275,data\raw_frames\nosferatu_1of5_20min_fps0_5\nosferatu_000351.png,0.005260036792606115,,
276,data\raw_frames\nosferatu_1of5_20min_fps0_5\nosferatu_000514.png,0.005241215229034424,,
277,data\raw_frames\nosferatu_1of5_20min_fps0_5\nosferatu_000491.png,0.005226584617048502,,
278,data\raw_frames\nosferatu_1of5_20min_fps0_5\nosferatu_000581.png,0.00521738501265645,,
279,data\raw_frames\nosferatu_1of5_20min_fps0_5\nosferatu_000592.png,0.005209318827837706,,
280,data\raw_frames\nosferatu_1of5_20min_fps0_5\nosferatu_000176.png,0.00518060615286231,,
281,data\raw_frames\nosferatu_1of5_20min_fps0_5\nosferatu_000427.png,0.005175702273845673,,
282,data\raw_frames\nosferatu_1of5_20min_fps0_5\nosferatu_000428.png,0.0051610469818115234,,
283,data\raw_frames\nosferatu_1of5_20min_fps0_5\nosferatu_000345.png,0.005147682968527079,,
284,data\raw_frames\nosferatu_1of5_20min_fps0_5\nosferatu_000346.png,0.005147503223270178,,
285,data\raw_frames\nosferatu_1of5_20min_fps0_5\nosferatu_000430.png,0.005116696003824472,,
286,data\raw_frames\nosferatu_1of5_20min_fps0_5\nosferatu_000415.png,0.005112001206725836,,
287,data\raw_frames\nosferatu_1of5_20min_fps0_5\nosferatu_000445.png,0.0051111988723278046,,
288,data\raw_frames\nosferatu_1of5_20min_fps0_5\nosferatu_000139.png,0.005080392584204674,,
289,data\raw_frames\nosferatu_1of5_20min_fps0_5\nosferatu_000378.png,0.0050698439590632915,,
290,data\raw_frames\nosferatu_1of5_20min_fps0_5\nosferatu_000213.png,0.005051131825894117,,
291,data\raw_frames\nosferatu_1of5_20min_fps0_5\nosferatu_000109.png,0.005039873532950878,,
292,data\raw_frames\nosferatu_1of5_20min_fps0_5\nosferatu_000349.png,0.0050122677348554134,,
293,data\raw_frames\nosferatu_1of5_20min_fps0_5\nosferatu_000426.png,0.005007393192499876,,
294,data\raw_frames\nosferatu_1of5_20min_fps0_5\nosferatu_000575.png,0.004971686284989119,,
295,data\raw_frames\nosferatu_1of5_20min_fps0_5\nosferatu_000429.png,0.004949281457811594,,
296,data\raw_frames\nosferatu_1of5_20min_fps0_5\nosferatu_000526.png,0.004948150832206011,,
297,data\raw_frames\nosferatu_1of5_20min_fps0_5\nosferatu_000572.png,0.004946352913975716,,
298,data\raw_frames\nosferatu_1of5_20min_fps0_5\nosferatu_000330.png,0.004908368457108736,,
299,data\raw_frames\nosferatu_1of5_20min_fps0_5\nosferatu_000425.png,0.004904154688119888,,
300,data\raw_frames\nosferatu_1of5_20min_fps0_5\nosferatu_000554.png,0.004868934862315655,,
301,data\raw_frames\nosferatu_1of5_20min_fps0_5\nosferatu_000327.png,0.0048675332218408585,,
302,data\raw_frames\nosferatu_1of5_20min_fps0_5\nosferatu_000517.png,0.004848111420869827,,
303,data\raw_frames\nosferatu_1of5_20min_fps0_5\nosferatu_000235.png,0.0048445588909089565,,
304,data\raw_frames\nosferatu_1of5_20min_fps0_5\nosferatu_000182.png,0.0048442683182656765,,
305,data\raw_frames\nosferatu_1of5_20min_fps0_5\nosferatu_000593.png,0.004843695554882288,,
306,data\raw_frames\nosferatu_1of5_20min_fps0_5\nosferatu_000381.png,0.004843599628657103,,
307,data\raw_frames\nosferatu_1of5_20min_fps0_5\nosferatu_000562.png,0.004834802355617285,,
308,data\raw_frames\nosferatu_1of5_20min_fps0_5\nosferatu_000160.png,0.00482754223048687,,
309,data\raw_frames\nosferatu_1of5_20min_fps0_5\nosferatu_000379.png,0.004817600827664137,,
310,data\raw_frames\nosferatu_1of5_20min_fps0_5\nosferatu_000159.png,0.004802024457603693,,
311,data\raw_frames\nosferatu_1of5_20min_fps0_5\nosferatu_000353.png,0.004792661871761084,,
312,data\raw_frames\nosferatu_1of5_20min_fps0_5\nosferatu_000382.png,0.004790254402905703,,
313,data\raw_frames\nosferatu_1of5_20min_fps0_5\nosferatu_000223.png,0.004783274605870247,,
314,data\raw_frames\nosferatu_1of5_20min_fps0_5\nosferatu_000388.png,0.004782313480973244,,
315,data\raw_frames\nosferatu_1of5_20min_fps0_5\nosferatu_000219.png,0.004754174035042524,,
316,data\raw_frames\nosferatu_1of5_20min_fps0_5\nosferatu_000518.png,0.004754014313220978,,
317,data\raw_frames\nosferatu_1of5_20min_fps0_5\nosferatu_000178.png,0.004735334310680628,,
318,data\raw_frames\nosferatu_1of5_20min_fps0_5\nosferatu_000416.png,0.004734924528747797,,
319,data\raw_frames\nosferatu_1of5_20min_fps0_5\nosferatu_000092.png,0.004695207346230745,,
320,data\raw_frames\nosferatu_1of5_20min_fps0_5\nosferatu_000247.png,0.0046770027838647366,,
321,data\raw_frames\nosferatu_1of5_20min_fps0_5\nosferatu_000177.png,0.004648029804229736,,
322,data\raw_frames\nosferatu_1of5_20min_fps0_5\nosferatu_000211.png,0.004639583174139261,,
323,data\raw_frames\nosferatu_1of5_20min_fps0_5\nosferatu_000252.png,0.004616342019289732,,
324,data\raw_frames\nosferatu_1of5_20min_fps0_5\nosferatu_000576.png,0.004614442586898804,,
325,data\raw_frames\nosferatu_1of5_20min_fps0_5\nosferatu_000095.png,0.0045607746578752995,,
326,data\raw_frames\nosferatu_1of5_20min_fps0_5\nosferatu_000444.png,0.004560063127428293,,
327,data\raw_frames\nosferatu_1of5_20min_fps0_5\nosferatu_000390.png,0.0045555769465863705,,
328,data\raw_frames\nosferatu_1of5_20min_fps0_5\nosferatu_000075.png,0.004555253311991692,,
329,data\raw_frames\nosferatu_1of5_20min_fps0_5\nosferatu_000573.png,0.004549382720142603,,
330,data\raw_frames\nosferatu_1of5_20min_fps0_5\nosferatu_000417.png,0.004542813636362553,,
331,data\raw_frames\nosferatu_1of5_20min_fps0_5\nosferatu_000134.png,0.0045146881602704525,,
332,data\raw_frames\nosferatu_1of5_20min_fps0_5\nosferatu_000577.png,0.004511717706918716,,
333,data\raw_frames\nosferatu_1of5_20min_fps0_5\nosferatu_000399.png,0.0045079453848302364,,
334,data\raw_frames\nosferatu_1of5_20min_fps0_5\nosferatu_000192.png,0.004487934987992048,,
335,data\raw_frames\nosferatu_1of5_20min_fps0_5\nosferatu_000091.png,0.004482722375541925,,
336,data\raw_frames\nosferatu_1of5_20min_fps0_5\nosferatu_000320.png,0.004478749353438616,,
337,data\raw_frames\nosferatu_1of5_20min_fps0_5\nosferatu_000478.png,0.004472979810088873,,
338,data\raw_frames\nosferatu_1of5_20min_fps0_5\nosferatu_000098.png,0.004462703596800566,,
339,data\raw_frames\nosferatu_1of5_20min_fps0_5\nosferatu_000199.png,0.0044494387693703175,,
340,data\raw_frames\nosferatu_1of5_20min_fps0_5\nosferatu_000594.png,0.004397705662995577,,
341,data\raw_frames\nosferatu_1of5_20min_fps0_5\nosferatu_000174.png,0.004383450374007225,,
342,data\raw_frames\nosferatu_1of5_20min_fps0_5\nosferatu_000354.png,0.004377681761980057,,
343,data\raw_frames\nosferatu_1of5_20min_fps0_5\nosferatu_000002.png,0.004370436538010836,,
344,data\raw_frames\nosferatu_1of5_20min_fps0_5\nosferatu_000462.png,0.004367742221802473,,
345,data\raw_frames\nosferatu_1of5_20min_fps0_5\nosferatu_000520.png,0.004367057699710131,,
346,data\raw_frames\nosferatu_1of5_20min_fps0_5\nosferatu_000348.png,0.004365725442767143,,
347,data\raw_frames\nosferatu_1of5_20min_fps0_5\nosferatu_000171.png,0.0043518091551959515,,
348,data\raw_frames\nosferatu_1of5_20min_fps0_5\nosferatu_000090.png,0.0043475329875946045,,
349,data\raw_frames\nosferatu_1of5_20min_fps0_5\nosferatu_000181.png,0.0043436819687485695,,
350,data\raw_frames\nosferatu_1of5_20min_fps0_5\nosferatu_000339.png,0.004340908024460077,,
351,data\raw_frames\nosferatu_1of5_20min_fps0_5\nosferatu_000073.png,0.0043380227871239185,,
352,data\raw_frames\nosferatu_1of5_20min_fps0_5\nosferatu_000187.png,0.004321911372244358,,
353,data\raw_frames\nosferatu_1of5_20min_fps0_5\nosferatu_000004.png,0.004301179200410843,,
354,data\raw_frames\nosferatu_1of5_20min_fps0_5\nosferatu_000175.png,0.004299586173146963,,
355,data\raw_frames\nosferatu_1of5_20min_fps0_5\nosferatu_000527.png,0.004291485529392958,,
356,data\raw_frames\nosferatu_1of5_20min_fps0_5\nosferatu_000565.png,0.004278208594769239,,
357,data\raw_frames\nosferatu_1of5_20min_fps0_5\nosferatu_000167.png,0.004257282242178917,,
358,data\raw_frames\nosferatu_1of5_20min_fps0_5\nosferatu_000001.png,0.0042377351783216,,
359,data\raw_frames\nosferatu_1of5_20min_fps0_5\nosferatu_000188.png,0.004231142345815897,,
360,data\raw_frames\nosferatu_1of5_20min_fps0_5\nosferatu_000394.png,0.004221984650939703,,
361,data\raw_frames\nosferatu_1of5_20min_fps0_5\nosferatu_000387.png,0.004208747297525406,,
362,data\raw_frames\nosferatu_1of5_20min_fps0_5\nosferatu_000191.png,0.004207281861454248,,
363,data\raw_frames\nosferatu_1of5_20min_fps0_5\nosferatu_000571.png,0.004199684597551823,,
364,data\raw_frames\nosferatu_1of5_20min_fps0_5\nosferatu_000499.png,0.004199545364826918,,
365,data\raw_frames\nosferatu_1of5_20min_fps0_5\nosferatu_000566.png,0.004199519287794828,,
366,data\raw_frames\nosferatu_1of5_20min_fps0_5\nosferatu_000505.png,0.004179573152214289,,
367,data\raw_frames\nosferatu_1of5_20min_fps0_5\nosferatu_000569.png,0.004174533765763044,,
368,data\raw_frames\nosferatu_1of5_20min_fps0_5\nosferatu_000355.png,0.004167377017438412,,
369,data\raw_frames\nosferatu_1of5_20min_fps0_5\nosferatu_000460.png,0.004161763936281204,,
370,data\raw_frames\nosferatu_1of5_20min_fps0_5\nosferatu_000096.png,0.004156322684139013,,
371,data\raw_frames\nosferatu_1of5_20min_fps0_5\nosferatu_000179.png,0.004148454405367374,,
372,data\raw_frames\nosferatu_1of5_20min_fps0_5\nosferatu_000563.png,0.0041467053815722466,,
373,data\raw_frames\nosferatu_1of5_20min_fps0_5\nosferatu_000497.png,0.0041437591426074505,,
374,data\raw_frames\nosferatu_1of5_20min_fps0_5\nosferatu_000561.png,0.004139438737183809,,
375,data\raw_frames\nosferatu_1of5_20min_fps0_5\nosferatu_000251.png,0.004132067784667015,,
376,data\raw_frames\nosferatu_1of5_20min_fps0_5\nosferatu_000094.png,0.004117660224437714,,
377,data\raw_frames\nosferatu_1of5_20min_fps0_5\nosferatu_000458.png,0.004116343799978495,,
378,data\raw_frames\nosferatu_1of5_20min_fps0_5\nosferatu_000172.png,0.0041094678454101086,,
379,data\raw_frames\nosferatu_1of5_20min_fps0_5\nosferatu_000072.png,0.004101182799786329,,
380,data\raw_frames\nosferatu_1of5_20min_fps0_5\nosferatu_000326.png,0.004094333853572607,,
381,data\raw_frames\nosferatu_1of5_20min_fps0_5\nosferatu_000158.png,0.004073855932801962,,
382,data\raw_frames\nosferatu_1of5_20min_fps0_5\nosferatu_000184.png,0.0040624551475048065,,
383,data\raw_frames\nosferatu_1of5_20min_fps0_5\nosferatu_000180.png,0.004054596181958914,,
384,data\raw_frames\nosferatu_1of5_20min_fps0_5\nosferatu_000003.png,0.0040542664937675,,
385,data\raw_frames\nosferatu_1of5_20min_fps0_5\nosferatu_000170.png,0.00405190559104085,,
386,data\raw_frames\nosferatu_1of5_20min_fps0_5\nosferatu_000459.png,0.004047420807182789,,
387,data\raw_frames\nosferatu_1of5_20min_fps0_5\nosferatu_000347.png,0.004040200263261795,,
388,data\raw_frames\nosferatu_1of5_20min_fps0_5\nosferatu_000413.png,0.004034885670989752,,
389,data\raw_frames\nosferatu_1of5_20min_fps0_5\nosferatu_000207.png,0.0040305196307599545,,
390,data\raw_frames\nosferatu_1of5_20min_fps0_5\nosferatu_000201.png,0.004017702769488096,,
391,data\raw_frames\nosferatu_1of5_20min_fps0_5\nosferatu_000169.png,0.004009276628494263,,
392,data\raw_frames\nosferatu_1of5_20min_fps0_5\nosferatu_000498.png,0.003988784737884998,,
393,data\raw_frames\nosferatu_1of5_20min_fps0_5\nosferatu_000185.png,0.0039673480205237865,,
394,data\raw_frames\nosferatu_1of5_20min_fps0_5\nosferatu_000248.png,0.003962277434766293,,
395,data\raw_frames\nosferatu_1of5_20min_fps0_5\nosferatu_000005.png,0.003945929929614067,,
396,data\raw_frames\nosferatu_1of5_20min_fps0_5\nosferatu_000456.png,0.003921076189726591,,
397,data\raw_frames\nosferatu_1of5_20min_fps0_5\nosferatu_000202.png,0.0039202263578772545,,
398,data\raw_frames\nosferatu_1of5_20min_fps0_5\nosferatu_000280.png,0.003918926231563091,,
399,data\raw_frames\nosferatu_1of5_20min_fps0_5\nosferatu_000564.png,0.00391777278855443,,
400,data\raw_frames\nosferatu_1of5_20min_fps0_5\nosferatu_000410.png,0.003903232282027602,,
401,data\raw_frames\nosferatu_1of5_20min_fps0_5\nosferatu_000442.png,0.0038801853079348803,,
402,data\raw_frames\nosferatu_1of5_20min_fps0_5\nosferatu_000200.png,0.003863530233502388,,
403,data\raw_frames\nosferatu_1of5_20min_fps0_5\nosferatu_000570.png,0.003861353499814868,,
404,data\raw_frames\nosferatu_1of5_20min_fps0_5\nosferatu_000253.png,0.0038458164781332016,,
405,data\raw_frames\nosferatu_1of5_20min_fps0_5\nosferatu_000246.png,0.003845379687845707,,
406,data\raw_frames\nosferatu_1of5_20min_fps0_5\nosferatu_000173.png,0.0038386571686714888,,
407,data\raw_frames\nosferatu_1of5_20min_fps0_5\nosferatu_000423.png,0.003835303708910942,,
408,data\raw_frames\nosferatu_1of5_20min_fps0_5\nosferatu_000212.png,0.00383330718614161,,
409,data\raw_frames\nosferatu_1of5_20min_fps0_5\nosferatu_000157.png,0.0038316186983138323,,
410,data\raw_frames\nosferatu_1of5_20min_fps0_5\nosferatu_000104.png,0.003829158842563629,,
411,data\raw_frames\nosferatu_1of5_20min_fps0_5\nosferatu_000579.png,0.003824173705652356,,
412,data\raw_frames\nosferatu_1of5_20min_fps0_5\nosferatu_000519.png,0.003813703777268529,,
413,data\raw_frames\nosferatu_1of5_20min_fps0_5\nosferatu_000420.png,0.0037700210232287645,,
414,data\raw_frames\nosferatu_1of5_20min_fps0_5\nosferatu_000344.png,0.0037550702691078186,,
415,data\raw_frames\nosferatu_1of5_20min_fps0_5\nosferatu_000400.png,0.0037455176934599876,,
416,data\raw_frames\nosferatu_1of5_20min_fps0_5\nosferatu_000245.png,0.003738877596333623,,
417,data\raw_frames\nosferatu_1of5_20min_fps0_5\nosferatu_000461.png,0.0037281017284840345,,
418,data\raw_frames\nosferatu_1of5_20min_fps0_5\nosferatu_000421.png,0.0037213272880762815,,
419,data\raw_frames\nosferatu_1of5_20min_fps0_5\nosferatu_000441.png,0.003716646693646908,,
420,data\raw_frames\nosferatu_1of5_20min_fps0_5\nosferatu_000183.png,0.0037148583214730024,,
421,data\raw_frames\nosferatu_1of5_20min_fps0_5\nosferatu_000165.png,0.003714555175974965,,
422,data\raw_frames\nosferatu_1of5_20min_fps0_5\nosferatu_000163.png,0.0037103283684700727,,
423,data\raw_frames\nosferatu_1of5_20min_fps0_5\nosferatu_000164.png,0.003687448799610138,,
424,data\raw_frames\nosferatu_1of5_20min_fps0_5\nosferatu_000408.png,0.0036845412105321884,,
425,data\raw_frames\nosferatu_1of5_20min_fps0_5\nosferatu_000422.png,0.00366898812353611,,
426,data\raw_frames\nosferatu_1of5_20min_fps0_5\nosferatu_000440.png,0.0036663170903921127,,
427,data\raw_frames\nosferatu_1of5_20min_fps0_5\nosferatu_000120.png,0.0036474515218287706,,
428,data\raw_frames\nosferatu_1of5_20min_fps0_5\nosferatu_000156.png,0.0036429213359951973,,
429,data\raw_frames\nosferatu_1of5_20min_fps0_5\nosferatu_000203.png,0.0036392936017364264,,
430,data\raw_frames\nosferatu_1of5_20min_fps0_5\nosferatu_000521.png,0.003637181594967842,,
431,data\raw_frames\nosferatu_1of5_20min_fps0_5\nosferatu_000076.png,0.003618638264015317,,
432,data\raw_frames\nosferatu_1of5_20min_fps0_5\nosferatu_000074.png,0.00359550048597157,,
433,data\raw_frames\nosferatu_1of5_20min_fps0_5\nosferatu_000166.png,0.003594042733311653,,
434,data\raw_frames\nosferatu_1of5_20min_fps0_5\nosferatu_000093.png,0.00357195851393044,,
435,data\raw_frames\nosferatu_1of5_20min_fps0_5\nosferatu_000255.png,0.003559485077857971,,
436,data\raw_frames\nosferatu_1of5_20min_fps0_5\nosferatu_000259.png,0.0035554671194404364,,
437,data\raw_frames\nosferatu_1of5_20min_fps0_5\nosferatu_000257.png,0.0035541392862796783,,
438,data\raw_frames\nosferatu_1of5_20min_fps0_5\nosferatu_000186.png,0.003553773509338498,,
439,data\raw_frames\nosferatu_1of5_20min_fps0_5\nosferatu_000567.png,0.0035405338276177645,,
440,data\raw_frames\nosferatu_1of5_20min_fps0_5\nosferatu_000451.png,0.003540230682119727,,
441,data\raw_frames\nosferatu_1of5_20min_fps0_5\nosferatu_000155.png,0.003536524251103401,,
442,data\raw_frames\nosferatu_1of5_20min_fps0_5\nosferatu_000106.png,0.003520299680531025,,
443,data\raw_frames\nosferatu_1of5_20min_fps0_5\nosferatu_000250.png,0.003513595787808299,,
444,data\raw_frames\nosferatu_1of5_20min_fps0_5\nosferatu_000107.png,0.0034866349305957556,,
445,data\raw_frames\nosferatu_1of5_20min_fps0_5\nosferatu_000361.png,0.0034823461901396513,,
446,data\raw_frames\nosferatu_1of5_20min_fps0_5\nosferatu_000194.png,0.003474239958450198,,
447,data\raw_frames\nosferatu_1of5_20min_fps0_5\nosferatu_000360.png,0.003454415127635002,,
448,data\raw_frames\nosferatu_1of5_20min_fps0_5\nosferatu_000189.png,0.003453772747889161,,
449,data\raw_frames\nosferatu_1of5_20min_fps0_5\nosferatu_000446.png,0.003442598506808281,,
450,data\raw_frames\nosferatu_1of5_20min_fps0_5\nosferatu_000439.png,0.00344072375446558,,
451,data\raw_frames\nosferatu_1of5_20min_fps0_5\nosferatu_000438.png,0.0034244328271597624,,
452,data\raw_frames\nosferatu_1of5_20min_fps0_5\nosferatu_000409.png,0.0034219014924019575,,
453,data\raw_frames\nosferatu_1of5_20min_fps0_5\nosferatu_000127.png,0.0034205950796604156,,
454,data\raw_frames\nosferatu_1of5_20min_fps0_5\nosferatu_000443.png,0.0034175703767687082,,
455,data\raw_frames\nosferatu_1of5_20min_fps0_5\nosferatu_000256.png,0.003414396895095706,,
456,data\raw_frames\nosferatu_1of5_20min_fps0_5\nosferatu_000198.png,0.0034111340064555407,,
457,data\raw_frames\nosferatu_1of5_20min_fps0_5\nosferatu_000249.png,0.0034102655481547117,,
458,data\raw_frames\nosferatu_1of5_20min_fps0_5\nosferatu_000452.png,0.003401669440791011,,
459,data\raw_frames\nosferatu_1of5_20min_fps0_5\nosferatu_000196.png,0.0033942691516131163,,
460,data\raw_frames\nosferatu_1of5_20min_fps0_5\nosferatu_000258.png,0.003392040729522705,,
461,data\raw_frames\nosferatu_1of5_20min_fps0_5\nosferatu_000195.png,0.003382571740075946,,
462,data\raw_frames\nosferatu_1of5_20min_fps0_5\nosferatu_000363.png,0.003381459042429924,,
463,data\raw_frames\nosferatu_1of5_20min_fps0_5\nosferatu_000362.png,0.0033739276695996523,,
464,data\raw_frames\nosferatu_1of5_20min_fps0_5\nosferatu_000162.png,0.003367285942658782,,
465,data\raw_frames\nosferatu_1of5_20min_fps0_5\nosferatu_000412.png,0.003364857053384185,,
466,data\raw_frames\nosferatu_1of5_20min_fps0_5\nosferatu_000105.png,0.0033471405040472746,,
467,data\raw_frames\nosferatu_1of5_20min_fps0_5\nosferatu_000595.png,0.0033417779486626387,,
468,data\raw_frames\nosferatu_1of5_20min_fps0_5\nosferatu_000121.png,0.0033406000584363937,,
469,data\raw_frames\nosferatu_1of5_20min_fps0_5\nosferatu_000306.png,0.003326126141473651,,
470,data\raw_frames\nosferatu_1of5_20min_fps0_5\nosferatu_000455.png,0.0033223263453692198,,
471,data\raw_frames\nosferatu_1of5_20min_fps0_5\nosferatu_000128.png,0.0033165384083986282,,
472,data\raw_frames\nosferatu_1of5_20min_fps0_5\nosferatu_000393.png,0.0033049669582396746,,
473,data\raw_frames\nosferatu_1of5_20min_fps0_5\nosferatu_000130.png,0.003303994657471776,,
474,data\raw_frames\nosferatu_1of5_20min_fps0_5\nosferatu_000126.png,0.003292640671133995,,
475,data\raw_frames\nosferatu_1of5_20min_fps0_5\nosferatu_000411.png,0.0032917987555265427,,
476,data\raw_frames\nosferatu_1of5_20min_fps0_5\nosferatu_000305.png,0.003272799076512456,,
477,data\raw_frames\nosferatu_1of5_20min_fps0_5\nosferatu_000190.png,0.003249034285545349,,
478,data\raw_frames\nosferatu_1of5_20min_fps0_5\nosferatu_000437.png,0.0032449637074023485,,
479,data\raw_frames\nosferatu_1of5_20min_fps0_5\nosferatu_000302.png,0.0032349831890314817,,
480,data\raw_frames\nosferatu_1of5_20min_fps0_5\nosferatu_000303.png,0.003232620656490326,,
481,data\raw_frames\nosferatu_1of5_20min_fps0_5\nosferatu_000118.png,0.003227538662031293,,
482,data\raw_frames\nosferatu_1of5_20min_fps0_5\nosferatu_000377.png,0.003221099032089114,,
483,data\raw_frames\nosferatu_1of5_20min_fps0_5\nosferatu_000500.png,0.0032085180282592773,,
484,data\raw_frames\nosferatu_1of5_20min_fps0_5\nosferatu_000197.png,0.003198639489710331,,
485,data\raw_frames\nosferatu_1of5_20min_fps0_5\nosferatu_000389.png,0.003194240154698491,,
486,data\raw_frames\nosferatu_1of5_20min_fps0_5\nosferatu_000453.png,0.0031864133197814226,,
487,data\raw_frames\nosferatu_1of5_20min_fps0_5\nosferatu_000471.png,0.003175176680088043,,
488,data\raw_frames\nosferatu_1of5_20min_fps0_5\nosferatu_000077.png,0.003108387580141425,,
489,data\raw_frames\nosferatu_1of5_20min_fps0_5\nosferatu_000119.png,0.0031075074803084135,,
490,data\raw_frames\nosferatu_1of5_20min_fps0_5\nosferatu_000304.png,0.0030844497960060835,,
491,data\raw_frames\nosferatu_1of5_20min_fps0_5\nosferatu_000553.png,0.0030784306582063437,,
492,data\raw_frames\nosferatu_1of5_20min_fps0_5\nosferatu_000131.png,0.0030736608896404505,,
493,data\raw_frames\nosferatu_1of5_20min_fps0_5\nosferatu_000193.png,0.0030661060009151697,,
494,data\raw_frames\nosferatu_1of5_20min_fps0_5\nosferatu_000473.png,0.0030594177078455687,,
495,data\raw_frames\nosferatu_1of5_20min_fps0_5\nosferatu_000129.png,0.0030444201547652483,,
496,data\raw_frames\nosferatu_1of5_20min_fps0_5\nosferatu_000301.png,0.0030334831681102514,,
497,data\raw_frames\nosferatu_1of5_20min_fps0_5\nosferatu_000450.png,0.0030133824329823256,,
498,data\raw_frames\nosferatu_1of5_20min_fps0_5\nosferatu_000541.png,0.003000478493049741,,
499,data\raw_frames\nosferatu_1of5_20min_fps0_5\nosferatu_000254.png,0.002999100834131241,,
500,data\raw_frames\nosferatu_1of5_20min_fps0_5\nosferatu_000260.png,0.0029896125197410583,,
501,data\raw_frames\nosferatu_1of5_20min_fps0_5\nosferatu_000431.png,0.0029884735122323036,,
502,data\raw_frames\nosferatu_1of5_20min_fps0_5\nosferatu_000552.png,0.002983416197821498,,
503,data\raw_frames\nosferatu_1of5_20min_fps0_5\nosferatu_000117.png,0.0029817118775099516,,
504,data\raw_frames\nosferatu_1of5_20min_fps0_5\nosferatu_000087.png,0.002973999595269561,,
505,data\raw_frames\nosferatu_1of5_20min_fps0_5\nosferatu_000407.png,0.0029706310015171766,,
506,data\raw_frames\nosferatu_1of5_20min_fps0_5\nosferatu_000472.png,0.002969627035781741,,
507,data\raw_frames\nosferatu_1of5_20min_fps0_5\nosferatu_000401.png,0.002965775551274419,,
508,data\raw_frames\nosferatu_1of5_20min_fps0_5\nosferatu_000405.png,0.0029478417709469795,,
509,data\raw_frames\nosferatu_1of5_20min_fps0_5\nosferatu_000392.png,0.00293464376591146,,
510,data\raw_frames\nosferatu_1of5_20min_fps0_5\nosferatu_000397.png,0.0029121332336217165,,
511,data\raw_frames\nosferatu_1of5_20min_fps0_5\nosferatu_000338.png,0.0028765294700860977,,
512,data\raw_frames\nosferatu_1of5_20min_fps0_5\nosferatu_000470.png,0.0028627219144254923,,
513,data\raw_frames\nosferatu_1of5_20min_fps0_5\nosferatu_000542.png,0.0028559050988405943,,
514,data\raw_frames\nosferatu_1of5_20min_fps0_5\nosferatu_000454.png,0.0028552694711834192,,
515,data\raw_frames\nosferatu_1of5_20min_fps0_5\nosferatu_000551.png,0.0028410034719854593,,
516,data\raw_frames\nosferatu_1of5_20min_fps0_5\nosferatu_000343.png,0.002840659348294139,,
517,data\raw_frames\nosferatu_1of5_20min_fps0_5\nosferatu_000089.png,0.002797206863760948,,
518,data\raw_frames\nosferatu_1of5_20min_fps0_5\nosferatu_000342.png,0.00279259798116982,,
519,data\raw_frames\nosferatu_1of5_20min_fps0_5\nosferatu_000449.png,0.002781829796731472,,
520,data\raw_frames\nosferatu_1of5_20min_fps0_5\nosferatu_000341.png,0.002741861389949918,,
521,data\raw_frames\nosferatu_1of5_20min_fps0_5\nosferatu_000540.png,0.002720833523198962,,
522,data\raw_frames\nosferatu_1of5_20min_fps0_5\nosferatu_000433.png,0.0027140311431139708,,
523,data\raw_frames\nosferatu_1of5_20min_fps0_5\nosferatu_000261.png,0.002698904601857066,,
524,data\raw_frames\nosferatu_1of5_20min_fps0_5\nosferatu_000474.png,0.0026955604553222656,,
525,data\raw_frames\nosferatu_1of5_20min_fps0_5\nosferatu_000263.png,0.0026915220078080893,,
526,data\raw_frames\nosferatu_1of5_20min_fps0_5\nosferatu_000402.png,0.0026899713557213545,,
527,data\raw_frames\nosferatu_1of5_20min_fps0_5\nosferatu_000457.png,0.0026673832908272743,,
528,data\raw_frames\nosferatu_1of5_20min_fps0_5\nosferatu_000340.png,0.0026664230972528458,,
529,data\raw_frames\nosferatu_1of5_20min_fps0_5\nosferatu_000398.png,0.0026553443167358637,,
530,data\raw_frames\nosferatu_1of5_20min_fps0_5\nosferatu_000506.png,0.0026292691472917795,,
531,data\raw_frames\nosferatu_1of5_20min_fps0_5\nosferatu_000507.png,0.002608618699014187,,
532,data\raw_frames\nosferatu_1of5_20min_fps0_5\nosferatu_000086.png,0.00256866286508739,,
533,data\raw_frames\nosferatu_1of5_20min_fps0_5\nosferatu_000448.png,0.002520648529753089,,
534,data\raw_frames\nosferatu_1of5_20min_fps0_5\nosferatu_000578.png,0.0024469939526170492,,
535,data\raw_frames\nosferatu_1of5_20min_fps0_5\nosferatu_000262.png,0.002442097757011652,,
536,data\raw_frames\nosferatu_1of5_20min_fps0_5\nosferatu_000475.png,0.002421524841338396,,
537,data\raw_frames\nosferatu_1of5_20min_fps0_5\nosferatu_000501.png,0.002411992521956563,,
538,data\raw_frames\nosferatu_1of5_20min_fps0_5\nosferatu_000222.png,0.0024061084259301424,,
539,data\raw_frames\nosferatu_1of5_20min_fps0_5\nosferatu_000391.png,0.0023629674687981606,,
540,data\raw_frames\nosferatu_1of5_20min_fps0_5\nosferatu_000432.png,0.002339967293664813,,
541,data\raw_frames\nosferatu_1of5_20min_fps0_5\nosferatu_000434.png,0.002339892089366913,,
542,data\raw_frames\nosferatu_1of5_20min_fps0_5\nosferatu_000532.png,0.0022697898093611,,
543,data\raw_frames\nosferatu_1of5_20min_fps0_5\nosferatu_000537.png,0.002265172777697444,,
544,data\raw_frames\nosferatu_1of5_20min_fps0_5\nosferatu_000406.png,0.0022633476182818413,,
545,data\raw_frames\nosferatu_1of5_20min_fps0_5\nosferatu_000376.png,0.0022246476728469133,,
546,data\raw_frames\nosferatu_1of5_20min_fps0_5\nosferatu_000539.png,0.0022005701903253794,,
547,data\raw_frames\nosferatu_1of5_20min_fps0_5\nosferatu_000396.png,0.0021713117603212595,,
548,data\raw_frames\nosferatu_1of5_20min_fps0_5\nosferatu_000435.png,0.002154590329155326,,
549,data\raw_frames\nosferatu_1of5_20min_fps0_5\nosferatu_000550.png,0.0021339328959584236,,
550,data\raw_frames\nosferatu_1of5_20min_fps0_5\nosferatu_000395.png,0.002103430451825261,,
551,data\raw_frames\nosferatu_1of5_20min_fps0_5\nosferatu_000403.png,0.002085945336148143,,
552,data\raw_frames\nosferatu_1of5_20min_fps0_5\nosferatu_000469.png,0.002073021372780204,,
553,data\raw_frames\nosferatu_1of5_20min_fps0_5\nosferatu_000276.png,0.002055708086118102,,
554,data\raw_frames\nosferatu_1of5_20min_fps0_5\nosferatu_000275.png,0.002045908011496067,,
555,data\raw_frames\nosferatu_1of5_20min_fps0_5\nosferatu_000538.png,0.002015601145103574,,
556,data\raw_frames\nosferatu_1of5_20min_fps0_5\nosferatu_000274.png,0.001993148121982813,,
557,data\raw_frames\nosferatu_1of5_20min_fps0_5\nosferatu_000580.png,0.001986887538805604,,
558,data\raw_frames\nosferatu_1of5_20min_fps0_5\nosferatu_000210.png,0.001985544338822365,,
559,data\raw_frames\nosferatu_1of5_20min_fps0_5\nosferatu_000088.png,0.001980713801458478,,
560,data\raw_frames\nosferatu_1of5_20min_fps0_5\nosferatu_000531.png,0.0019524380331858993,,
561,data\raw_frames\nosferatu_1of5_20min_fps0_5\nosferatu_000549.png,0.001933676772750914,,
562,data\raw_frames\nosferatu_1of5_20min_fps0_5\nosferatu_000375.png,0.0017960057593882084,,
563,data\raw_frames\nosferatu_1of5_20min_fps0_5\nosferatu_000209.png,0.0017102587735280395,,
564,data\raw_frames\nosferatu_1of5_20min_fps0_5\nosferatu_000548.png,0.0016757423290982842,,
565,data\raw_frames\nosferatu_1of5_20min_fps0_5\nosferatu_000533.png,0.0016524969832971692,,
566,data\raw_frames\nosferatu_1of5_20min_fps0_5\nosferatu_000208.png,0.0016516040777787566,,
567,data\raw_frames\nosferatu_1of5_20min_fps0_5\nosferatu_000447.png,0.0016178108053281903,,
568,data\raw_frames\nosferatu_1of5_20min_fps0_5\nosferatu_000508.png,0.0015464230673387647,,
569,data\raw_frames\nosferatu_1of5_20min_fps0_5\nosferatu_000404.png,0.0014184542233124375,,
570,data\raw_frames\nosferatu_1of5_20min_fps0_5\nosferatu_000367.png,0.00141287746373564,,
571,data\raw_frames\nosferatu_1of5_20min_fps0_5\nosferatu_000110.png,0.0013808506773784757,,
572,data\raw_frames\nosferatu_1of5_20min_fps0_5\nosferatu_000419.png,0.0009001931757666171,,
573,data\raw_frames\nosferatu_1of5_20min_fps0_5\nosferatu_000476.png,0.0006862737354822457,,
574,data\raw_frames\nosferatu_1of5_20min_fps0_5\nosferatu_000006.png,-1.0,,
575,data\raw_frames\nosferatu_1of5_20min_fps0_5\nosferatu_000007.png,-1.0,,
576,data\raw_frames\nosferatu_1of5_20min_fps0_5\nosferatu_000015.png,-1.0,,
577,data\raw_frames\nosferatu_1of5_20min_fps0_5\nosferatu_000045.png,-1.0,,
578,data\raw_frames\nosferatu_1of5_20min_fps0_5\nosferatu_000046.png,-1.0,,
579,data\raw_frames\nosferatu_1of5_20min_fps0_5\nosferatu_000057.png,-1.0,,
580,data\raw_frames\nosferatu_1of5_20min_fps0_5\nosferatu_000068.png,-1.0,,
581,data\raw_frames\nosferatu_1of5_20min_fps0_5\nosferatu_000071.png,-1.0,,
582,data\raw_frames\nosferatu_1of5_20min_fps0_5\nosferatu_000244.png,-1.0,,
583,data\raw_frames\nosferatu_1of5_20min_fps0_5\nosferatu_000311.png,-1.0,,
584,data\raw_frames\nosferatu_1of5_20min_fps0_5\nosferatu_000414.png,-1.0,,
585,data\raw_frames\nosferatu_1of5_20min_fps0_5\nosferatu_000418.png,-1.0,,
586,data\raw_frames\nosferatu_1of5_20min_fps0_5\nosferatu_000436.png,-1.0,,
587,data\raw_frames\nosferatu_1of5_20min_fps0_5\nosferatu_000502.png,-1.0,,
588,data\raw_frames\nosferatu_1of5_20min_fps0_5\nosferatu_000503.png,-1.0,,
589,data\raw_frames\nosferatu_1of5_20min_fps0_5\nosferatu_000504.png,-1.0,,
590,data\raw_frames\nosferatu_1of5_20min_fps0_5\nosferatu_000522.png,-1.0,,
591,data\raw_frames\nosferatu_1of5_20min_fps0_5\nosferatu_000523.png,-1.0,,
592,data\raw_frames\nosferatu_1of5_20min_fps0_5\nosferatu_000524.png,-1.0,,
593,data\raw_frames\nosferatu_1of5_20min_fps0_5\nosferatu_000525.png,-1.0,,
594,data\raw_frames\nosferatu_1of5_20min_fps0_5\nosferatu_000530.png,-1.0,,
595,data\raw_frames\nosferatu_1of5_20min_fps0_5\nosferatu_000547.png,-1.0,,
