rank_clean_to_degraded,rank_degraded_to_clean,frame_path,degradation_score,high_frequency_score,laplacian_score,scratch_score,exposure_penalty,brightness,contrast,manual_keep,manual_notes
1,427,data\selected_frames\nosferatu_non_text_easyocr\nosferatu_000189.png,0.011308,0.008113,0.002314,0.001424,0.0,0.253364,0.251298,,
2,426,data\selected_frames\nosferatu_non_text_easyocr\nosferatu_000193.png,0.011615,0.007162,0.002018,0.002075,0.0,0.211164,0.218708,,
3,425,data\selected_frames\nosferatu_non_text_easyocr\nosferatu_000508.png,0.011628,0.003698,0.000785,0.003906,0.0,0.205424,0.115703,,
4,424,data\selected_frames\nosferatu_non_text_easyocr\nosferatu_000395.png,0.012031,0.005048,0.000977,0.003418,0.0,0.207591,0.164444,,
5,423,data\selected_frames\nosferatu_non_text_easyocr\nosferatu_000187.png,0.012161,0.009899,0.004227,0.000814,0.0,0.380184,0.319643,,
6,422,data\selected_frames\nosferatu_non_text_easyocr\nosferatu_000396.png,0.012492,0.004741,0.000837,0.00295,0.001151,0.198849,0.130849,,
7,421,data\selected_frames\nosferatu_non_text_easyocr\nosferatu_000190.png,0.012846,0.007718,0.002174,0.002401,0.0,0.239155,0.244087,,
8,420,data\selected_frames\nosferatu_non_text_easyocr\nosferatu_000391.png,0.012961,0.004863,0.00082,0.003988,0.0,0.309387,0.270469,,
9,419,data\selected_frames\nosferatu_non_text_easyocr\nosferatu_000538.png,0.013416,0.004636,0.001298,0.004293,0.0,0.343583,0.345224,,
10,418,data\selected_frames\nosferatu_non_text_easyocr\nosferatu_000338.png,0.013953,0.006077,0.000965,0.003866,0.0,0.242682,0.199167,,
11,417,data\selected_frames\nosferatu_non_text_easyocr\nosferatu_000188.png,0.014065,0.009956,0.004337,0.001729,0.0,0.437551,0.333965,,
12,416,data\selected_frames\nosferatu_non_text_easyocr\nosferatu_000539.png,0.014103,0.005125,0.001257,0.004395,0.0,0.357773,0.345238,,
13,415,data\selected_frames\nosferatu_non_text_easyocr\nosferatu_000105.png,0.014245,0.008793,0.002439,0.002543,0.0,0.27595,0.23183,,
14,414,data\selected_frames\nosferatu_non_text_easyocr\nosferatu_000258.png,0.014414,0.008221,0.00222,0.00293,0.0,0.36253,0.304769,,
15,413,data\selected_frames\nosferatu_non_text_easyocr\nosferatu_000398.png,0.015302,0.006113,0.00131,0.004496,0.0,0.202903,0.175481,,
16,412,data\selected_frames\nosferatu_non_text_easyocr\nosferatu_000257.png,0.015547,0.008218,0.001929,0.00352,0.0,0.454111,0.329003,,
17,411,data\selected_frames\nosferatu_non_text_easyocr\nosferatu_000194.png,0.015666,0.008343,0.002436,0.003479,0.0,0.264096,0.262757,,
18,410,data\selected_frames\nosferatu_non_text_easyocr\nosferatu_000197.png,0.015737,0.007822,0.002306,0.003784,0.0,0.235538,0.239594,,
19,409,data\selected_frames\nosferatu_non_text_easyocr\nosferatu_000107.png,0.016016,0.009073,0.002616,0.003276,0.0,0.266834,0.243722,,
20,408,data\selected_frames\nosferatu_non_text_easyocr\nosferatu_000195.png,0.016227,0.00832,0.002533,0.003764,0.0,0.251823,0.255091,,
21,407,data\selected_frames\nosferatu_non_text_easyocr\nosferatu_000196.png,0.016271,0.008283,0.002526,0.003805,0.0,0.239827,0.245183,,
22,406,data\selected_frames\nosferatu_non_text_easyocr\nosferatu_000457.png,0.016499,0.005942,0.001205,0.005188,0.0,0.28452,0.251844,,
23,405,data\selected_frames\nosferatu_non_text_easyocr\nosferatu_000392.png,0.016688,0.006503,0.001173,0.005005,0.0,0.372449,0.271831,,
24,404,data\selected_frames\nosferatu_non_text_easyocr\nosferatu_000344.png,0.016805,0.00861,0.002004,0.003947,0.0,0.263008,0.208139,,
25,403,data\selected_frames\nosferatu_non_text_easyocr\nosferatu_000433.png,0.016887,0.006086,0.001475,0.00529,0.0,0.228042,0.191631,,
26,402,data\selected_frames\nosferatu_non_text_easyocr\nosferatu_000449.png,0.016899,0.005841,0.00102,0.005452,0.0,0.278275,0.230983,,
27,401,data\selected_frames\nosferatu_non_text_easyocr\nosferatu_000106.png,0.016953,0.009184,0.002692,0.003682,0.0,0.260693,0.23272,,
28,400,data\selected_frames\nosferatu_non_text_easyocr\nosferatu_000434.png,0.017205,0.005537,0.001557,0.005717,0.0,0.207005,0.1874,,
29,399,data\selected_frames\nosferatu_non_text_easyocr\nosferatu_000280.png,0.017426,0.009225,0.00259,0.003906,0.0,0.367265,0.301959,,
30,398,data\selected_frames\nosferatu_non_text_easyocr\nosferatu_000582.png,0.017612,0.013956,0.005923,0.001383,0.0,0.414714,0.355123,,
31,397,data\selected_frames\nosferatu_non_text_easyocr\nosferatu_000454.png,0.017614,0.006237,0.001248,0.005595,0.0,0.301317,0.258917,,
32,396,data\selected_frames\nosferatu_non_text_easyocr\nosferatu_000411.png,0.018395,0.00757,0.002184,0.005249,0.0,0.230887,0.244522,,
33,395,data\selected_frames\nosferatu_non_text_easyocr\nosferatu_000401.png,0.01866,0.00699,0.00157,0.005717,0.0,0.263304,0.197909,,
34,394,data\selected_frames\nosferatu_non_text_easyocr\nosferatu_000540.png,0.018907,0.006336,0.001879,0.006144,0.0,0.351106,0.332972,,
35,393,data\selected_frames\nosferatu_non_text_easyocr\nosferatu_000451.png,0.01898,0.007905,0.001677,0.005412,0.0,0.351675,0.277315,,
36,392,data\selected_frames\nosferatu_non_text_easyocr\nosferatu_000256.png,0.019074,0.008069,0.002024,0.005351,0.0,0.440952,0.328188,,
37,391,data\selected_frames\nosferatu_non_text_easyocr\nosferatu_000393.png,0.01927,0.007527,0.001516,0.005758,0.0,0.452777,0.288911,,
38,390,data\selected_frames\nosferatu_non_text_easyocr\nosferatu_000542.png,0.019346,0.006904,0.001563,0.006104,0.0,0.419874,0.361142,,
39,389,data\selected_frames\nosferatu_non_text_easyocr\nosferatu_000452.png,0.019347,0.00701,0.001409,0.006063,0.0,0.317632,0.257978,,
40,388,data\selected_frames\nosferatu_non_text_easyocr\nosferatu_000435.png,0.019411,0.005051,0.001334,0.00708,0.0,0.200343,0.18393,,
41,387,data\selected_frames\nosferatu_non_text_easyocr\nosferatu_000541.png,0.019572,0.006866,0.002245,0.006185,0.0,0.307674,0.300813,,
42,386,data\selected_frames\nosferatu_non_text_easyocr\nosferatu_000578.png,0.01965,0.005387,0.000954,0.00706,0.0,0.237816,0.197286,,
43,385,data\selected_frames\nosferatu_non_text_easyocr\nosferatu_000581.png,0.019702,0.012126,0.004393,0.003459,0.0,0.411074,0.332575,,
44,384,data\selected_frames\nosferatu_non_text_easyocr\nosferatu_000453.png,0.019744,0.007106,0.001513,0.006205,0.0,0.326061,0.267096,,
45,383,data\selected_frames\nosferatu_non_text_easyocr\nosferatu_000564.png,0.0199,0.009457,0.003699,0.004944,0.0,0.209536,0.192574,,
46,382,data\selected_frames\nosferatu_non_text_easyocr\nosferatu_000397.png,0.020213,0.00695,0.001611,0.00651,0.0,0.215677,0.181916,,
47,381,data\selected_frames\nosferatu_non_text_easyocr\nosferatu_000104.png,0.020294,0.009339,0.002505,0.00529,0.0,0.265209,0.239416,,
48,380,data\selected_frames\nosferatu_non_text_easyocr\nosferatu_000446.png,0.020317,0.008433,0.002456,0.005758,0.0,0.344869,0.326507,,
49,379,data\selected_frames\nosferatu_non_text_easyocr\nosferatu_000400.png,0.020423,0.007861,0.00142,0.00116,0.006686,0.193314,0.124467,,
50,378,data\selected_frames\nosferatu_non_text_easyocr\nosferatu_000554.png,0.020445,0.011072,0.003078,0.004456,0.0,0.251895,0.215955,,
51,377,data\selected_frames\nosferatu_non_text_easyocr\nosferatu_000561.png,0.020494,0.011028,0.00451,0.004395,0.0,0.216687,0.254328,,
52,376,data\selected_frames\nosferatu_non_text_easyocr\nosferatu_000402.png,0.020558,0.006439,0.001356,0.006958,0.0,0.239465,0.186728,,
53,375,data\selected_frames\nosferatu_non_text_easyocr\nosferatu_000450.png,0.020646,0.006387,0.001203,0.007039,0.0,0.291973,0.250243,,
54,374,data\selected_frames\nosferatu_non_text_easyocr\nosferatu_000563.png,0.02066,0.010653,0.00459,0.004659,0.0,0.237703,0.238264,,
55,373,data\selected_frames\nosferatu_non_text_easyocr\nosferatu_000486.png,0.020698,0.012037,0.004847,0.003967,0.0,0.253426,0.205066,,
56,372,data\selected_frames\nosferatu_non_text_easyocr\nosferatu_000475.png,0.020748,0.006114,0.001531,0.007202,0.0,0.256772,0.209108,,
57,371,data\selected_frames\nosferatu_non_text_easyocr\nosferatu_000577.png,0.021062,0.011156,0.004191,0.004639,0.0,0.270738,0.244204,,
58,370,data\selected_frames\nosferatu_non_text_easyocr\nosferatu_000537.png,0.02108,0.005277,0.001454,0.007792,0.0,0.371917,0.351644,,
59,369,data\selected_frames\nosferatu_non_text_easyocr\nosferatu_000179.png,0.021089,0.009628,0.002352,0.005554,0.0,0.361399,0.280625,,
60,368,data\selected_frames\nosferatu_non_text_easyocr\nosferatu_000562.png,0.021164,0.012775,0.005467,0.003784,0.0,0.259863,0.28438,,
61,367,data\selected_frames\nosferatu_non_text_easyocr\nosferatu_000184.png,0.021403,0.010389,0.002895,0.00529,0.0,0.209523,0.19544,,
62,366,data\selected_frames\nosferatu_non_text_easyocr\nosferatu_000409.png,0.021496,0.007856,0.002233,0.006653,0.0,0.258891,0.236393,,
63,365,data\selected_frames\nosferatu_non_text_easyocr\nosferatu_000326.png,0.021657,0.010066,0.002674,0.005595,0.0,0.236667,0.170978,,
64,364,data\selected_frames\nosferatu_non_text_easyocr\nosferatu_000394.png,0.021706,0.01063,0.002503,0.005351,0.0,0.231625,0.181003,,
65,363,data\selected_frames\nosferatu_non_text_easyocr\nosferatu_000455.png,0.021891,0.007569,0.001625,0.007039,0.0,0.332598,0.27921,,
66,362,data\selected_frames\nosferatu_non_text_easyocr\nosferatu_000456.png,0.021983,0.008587,0.001964,0.006551,0.0,0.366206,0.288604,,
67,361,data\selected_frames\nosferatu_non_text_easyocr\nosferatu_000183.png,0.022072,0.009734,0.002769,0.005961,0.0,0.207035,0.200896,,
68,360,data\selected_frames\nosferatu_non_text_easyocr\nosferatu_000403.png,0.022092,0.004909,0.000893,0.008525,0.0,0.208074,0.164504,,
69,359,data\selected_frames\nosferatu_non_text_easyocr\nosferatu_000579.png,0.022096,0.008509,0.001879,0.006653,0.0,0.367122,0.314724,,
70,358,data\selected_frames\nosferatu_non_text_easyocr\nosferatu_000565.png,0.022132,0.010692,0.00438,0.005391,0.0,0.234648,0.229729,,
71,357,data\selected_frames\nosferatu_non_text_easyocr\nosferatu_000576.png,0.02219,0.012051,0.004384,0.00474,0.0,0.305928,0.271306,,
72,356,data\selected_frames\nosferatu_non_text_easyocr\nosferatu_000507.png,0.022242,0.006415,0.001617,0.007792,0.0,0.337252,0.234962,,
73,355,data\selected_frames\nosferatu_non_text_easyocr\nosferatu_000506.png,0.022672,0.00617,0.001506,0.008138,0.0,0.342943,0.248913,,
74,354,data\selected_frames\nosferatu_non_text_easyocr\nosferatu_000412.png,0.023214,0.008257,0.002332,0.007304,0.0,0.232247,0.224163,,
75,353,data\selected_frames\nosferatu_non_text_easyocr\nosferatu_000136.png,0.023227,0.015192,0.007453,0.003459,0.0,0.453203,0.344532,,
76,352,data\selected_frames\nosferatu_non_text_easyocr\nosferatu_000461.png,0.023233,0.009104,0.002509,0.006877,0.0,0.371119,0.313809,,
77,351,data\selected_frames\nosferatu_non_text_easyocr\nosferatu_000448.png,0.023568,0.00617,0.001779,0.008565,0.0,0.230761,0.269419,,
78,350,data\selected_frames\nosferatu_non_text_easyocr\nosferatu_000389.png,0.023636,0.00744,0.001633,0.007975,0.0,0.200903,0.163353,,
79,349,data\selected_frames\nosferatu_non_text_easyocr\nosferatu_000474.png,0.023767,0.006828,0.001707,0.008341,0.0,0.273174,0.218131,,
80,348,data\selected_frames\nosferatu_non_text_easyocr\nosferatu_000207.png,0.023775,0.010826,0.003045,0.006246,0.0,0.238524,0.210192,,
81,347,data\selected_frames\nosferatu_non_text_easyocr\nosferatu_000566.png,0.023797,0.010592,0.004477,0.006266,0.0,0.233616,0.224424,,
82,346,data\selected_frames\nosferatu_non_text_easyocr\nosferatu_000514.png,0.023949,0.013777,0.003794,0.004801,0.0,0.406337,0.241775,,
83,345,data\selected_frames\nosferatu_non_text_easyocr\nosferatu_000570.png,0.023972,0.009677,0.002795,0.006938,0.0,0.349156,0.302645,,
84,344,data\selected_frames\nosferatu_non_text_easyocr\nosferatu_000091.png,0.024087,0.011535,0.003117,0.006042,0.0,0.226248,0.190626,,
85,343,data\selected_frames\nosferatu_non_text_easyocr\nosferatu_000443.png,0.024345,0.008643,0.002685,0.00765,0.0,0.342744,0.328197,,
86,342,data\selected_frames\nosferatu_non_text_easyocr\nosferatu_000437.png,0.024452,0.008108,0.002357,0.007996,0.0,0.350267,0.306179,,
87,341,data\selected_frames\nosferatu_non_text_easyocr\nosferatu_000356.png,0.02463,0.01354,0.005033,0.005168,0.0,0.251123,0.203046,,
88,340,data\selected_frames\nosferatu_non_text_easyocr\nosferatu_000459.png,0.024703,0.010052,0.003004,0.0071,0.0,0.338684,0.282822,,
89,339,data\selected_frames\nosferatu_non_text_easyocr\nosferatu_000462.png,0.024721,0.010916,0.003332,0.006653,0.0,0.350262,0.282655,,
90,338,data\selected_frames\nosferatu_non_text_easyocr\nosferatu_000439.png,0.024738,0.008429,0.00239,0.007975,0.0,0.341894,0.29004,,
91,337,data\selected_frames\nosferatu_non_text_easyocr\nosferatu_000407.png,0.024768,0.007091,0.002016,0.008687,0.0,0.273635,0.246652,,
92,336,data\selected_frames\nosferatu_non_text_easyocr\nosferatu_000595.png,0.02482,0.008555,0.002907,0.007914,0.0,0.579175,0.349905,,
93,335,data\selected_frames\nosferatu_non_text_easyocr\nosferatu_000460.png,0.025176,0.010056,0.002876,0.007345,0.0,0.382796,0.296867,,
94,334,data\selected_frames\nosferatu_non_text_easyocr\nosferatu_000571.png,0.025289,0.011476,0.003113,0.006673,0.0,0.287359,0.229227,,
95,333,data\selected_frames\nosferatu_non_text_easyocr\nosferatu_000442.png,0.02534,0.009619,0.00308,0.007629,0.0,0.280774,0.276702,,
96,332,data\selected_frames\nosferatu_non_text_easyocr\nosferatu_000569.png,0.025389,0.010615,0.00355,0.007121,0.0,0.339366,0.309096,,
97,331,data\selected_frames\nosferatu_non_text_easyocr\nosferatu_000553.png,0.025395,0.007186,0.002851,0.008891,0.0,0.477303,0.351368,,
98,330,data\selected_frames\nosferatu_non_text_easyocr\nosferatu_000180.png,0.025419,0.010368,0.002955,0.007304,0.0,0.230446,0.216443,,
99,329,data\selected_frames\nosferatu_non_text_easyocr\nosferatu_000440.png,0.025446,0.009064,0.002879,0.007975,0.0,0.335891,0.299735,,
100,328,data\selected_frames\nosferatu_non_text_easyocr\nosferatu_000408.png,0.025461,0.008634,0.002588,0.008219,0.0,0.316487,0.273558,,
101,327,data\selected_frames\nosferatu_non_text_easyocr\nosferatu_000445.png,0.025467,0.012553,0.003628,0.006185,0.0,0.425927,0.30834,,
102,326,data\selected_frames\nosferatu_non_text_easyocr\nosferatu_000219.png,0.0256,0.011435,0.003017,0.006856,0.0,0.292104,0.284784,,
103,325,data\selected_frames\nosferatu_non_text_easyocr\nosferatu_000259.png,0.025948,0.00764,0.002152,0.008993,0.0,0.274888,0.271908,,
104,324,data\selected_frames\nosferatu_non_text_easyocr\nosferatu_000498.png,0.025983,0.009881,0.004263,0.007731,0.0,0.397205,0.326489,,
105,323,data\selected_frames\nosferatu_non_text_easyocr\nosferatu_000519.png,0.026029,0.009349,0.002692,0.008138,0.0,0.35485,0.259786,,
106,322,data\selected_frames\nosferatu_non_text_easyocr\nosferatu_000399.png,0.026065,0.010871,0.002549,0.007406,0.0,0.237393,0.164515,,
107,321,data\selected_frames\nosferatu_non_text_easyocr\nosferatu_000559.png,0.026302,0.01777,0.007779,0.003682,0.0,0.32815,0.287572,,
108,320,data\selected_frames\nosferatu_non_text_easyocr\nosferatu_000500.png,0.026329,0.008497,0.002236,0.008748,0.0,0.304516,0.270599,,
109,319,data\selected_frames\nosferatu_non_text_easyocr\nosferatu_000074.png,0.026379,0.009239,0.0025,0.008382,0.0,0.365309,0.320691,,
110,318,data\selected_frames\nosferatu_non_text_easyocr\nosferatu_000441.png,0.026379,0.009005,0.002707,0.008484,0.0,0.296847,0.272725,,
111,317,data\selected_frames\nosferatu_non_text_easyocr\nosferatu_000552.png,0.026463,0.006877,0.002533,0.009603,0.0,0.468313,0.323847,,
112,316,data\selected_frames\nosferatu_non_text_easyocr\nosferatu_000497.png,0.026997,0.010277,0.004589,0.008016,0.0,0.417289,0.332845,,
113,315,data\selected_frames\nosferatu_non_text_easyocr\nosferatu_000135.png,0.027078,0.013396,0.005761,0.006409,0.0,0.536915,0.342038,,
114,314,data\selected_frames\nosferatu_non_text_easyocr\nosferatu_000583.png,0.027143,0.015001,0.006345,0.005595,0.0,0.472659,0.341858,,
115,313,data\selected_frames\nosferatu_non_text_easyocr\nosferatu_000249.png,0.027201,0.008159,0.002702,0.009318,0.0,0.211874,0.188816,,
116,312,data\selected_frames\nosferatu_non_text_easyocr\nosferatu_000592.png,0.027214,0.013261,0.005132,0.006592,0.0,0.575869,0.359479,,
117,311,data\selected_frames\nosferatu_non_text_easyocr\nosferatu_000211.png,0.027278,0.012453,0.004433,0.00708,0.0,0.263517,0.245359,,
118,310,data\selected_frames\nosferatu_non_text_easyocr\nosferatu_000551.png,0.027351,0.006569,0.002373,0.010213,0.0,0.519076,0.354304,,
119,309,data\selected_frames\nosferatu_non_text_easyocr\nosferatu_000501.png,0.027432,0.005885,0.001773,0.01064,0.0,0.212485,0.188215,,
120,308,data\selected_frames\nosferatu_non_text_easyocr\nosferatu_000558.png,0.027468,0.017681,0.007468,0.004333,0.0,0.328833,0.278725,,
121,307,data\selected_frames\nosferatu_non_text_easyocr\nosferatu_000354.png,0.027493,0.011314,0.003424,0.007833,0.0,0.286548,0.23738,,
122,306,data\selected_frames\nosferatu_non_text_easyocr\nosferatu_000347.png,0.027601,0.009347,0.002062,0.008972,0.0,0.349795,0.226041,,
123,305,data\selected_frames\nosferatu_non_text_easyocr\nosferatu_000458.png,0.027604,0.010421,0.003065,0.008362,0.0,0.369856,0.292522,,
124,304,data\selected_frames\nosferatu_non_text_easyocr\nosferatu_000413.png,0.02775,0.009953,0.002816,0.008687,0.0,0.266017,0.239333,,
125,303,data\selected_frames\nosferatu_non_text_easyocr\nosferatu_000199.png,0.028014,0.011429,0.003687,0.008016,0.0,0.22743,0.217922,,
126,302,data\selected_frames\nosferatu_non_text_easyocr\nosferatu_000521.png,0.028131,0.008871,0.003071,0.009399,0.0,0.351926,0.278929,,
127,301,data\selected_frames\nosferatu_non_text_easyocr\nosferatu_000444.png,0.02815,0.011455,0.004147,0.008036,0.0,0.430835,0.35333,,
128,300,data\selected_frames\nosferatu_non_text_easyocr\nosferatu_000185.png,0.028239,0.010117,0.002812,0.00885,0.0,0.212196,0.196639,,
129,299,data\selected_frames\nosferatu_non_text_easyocr\nosferatu_000248.png,0.028325,0.009947,0.00343,0.008931,0.0,0.246343,0.210915,,
130,298,data\selected_frames\nosferatu_non_text_easyocr\nosferatu_000573.png,0.0284,0.012116,0.003849,0.007853,0.0,0.309062,0.244059,,
131,297,data\selected_frames\nosferatu_non_text_easyocr\nosferatu_000438.png,0.028433,0.008432,0.002321,0.009827,0.0,0.346726,0.296461,,
132,296,data\selected_frames\nosferatu_non_text_easyocr\nosferatu_000557.png,0.028806,0.01898,0.008544,0.004272,0.0,0.347715,0.285841,,
133,295,data\selected_frames\nosferatu_non_text_easyocr\nosferatu_000520.png,0.028816,0.010952,0.003534,0.008667,0.0,0.390943,0.26078,,
134,294,data\selected_frames\nosferatu_non_text_easyocr\nosferatu_000405.png,0.028919,0.006804,0.001492,0.010946,0.0,0.236522,0.169947,,
135,293,data\selected_frames\nosferatu_non_text_easyocr\nosferatu_000494.png,0.028931,0.01232,0.005222,0.007914,0.0,0.290258,0.231688,,
136,292,data\selected_frames\nosferatu_non_text_easyocr\nosferatu_000221.png,0.028986,0.014363,0.005258,0.006917,0.0,0.286747,0.283173,,
137,291,data\selected_frames\nosferatu_non_text_easyocr\nosferatu_000567.png,0.029007,0.008578,0.003581,0.005819,0.005503,0.194497,0.171373,,
138,290,data\selected_frames\nosferatu_non_text_easyocr\nosferatu_000182.png,0.02905,0.012279,0.003566,0.008118,0.0,0.290472,0.244867,,
139,289,data\selected_frames\nosferatu_non_text_easyocr\nosferatu_000513.png,0.029171,0.015239,0.004994,0.006592,0.0,0.496801,0.258164,,
140,288,data\selected_frames\nosferatu_non_text_easyocr\nosferatu_000201.png,0.02923,0.010806,0.003194,0.008972,0.0,0.229212,0.212907,,
141,287,data\selected_frames\nosferatu_non_text_easyocr\nosferatu_000246.png,0.029344,0.009229,0.003076,0.009827,0.0,0.239282,0.205244,,
142,286,data\selected_frames\nosferatu_non_text_easyocr\nosferatu_000353.png,0.029344,0.011909,0.004202,0.008403,0.0,0.374367,0.284187,,
143,285,data\selected_frames\nosferatu_non_text_easyocr\nosferatu_000200.png,0.0294,0.010092,0.003129,0.00942,0.0,0.202345,0.19872,,
144,284,data\selected_frames\nosferatu_non_text_easyocr\nosferatu_000490.png,0.029536,0.013745,0.006801,0.007385,0.0,0.306913,0.242151,,
145,283,data\selected_frames\nosferatu_non_text_easyocr\nosferatu_000489.png,0.029544,0.014683,0.007118,0.006897,0.0,0.322752,0.247377,,
146,282,data\selected_frames\nosferatu_non_text_easyocr\nosferatu_000560.png,0.029594,0.01631,0.006905,0.006124,0.0,0.319045,0.294991,,
147,281,data\selected_frames\nosferatu_non_text_easyocr\nosferatu_000488.png,0.029606,0.012725,0.00539,0.008036,0.0,0.303729,0.227201,,
148,280,data\selected_frames\nosferatu_non_text_easyocr\nosferatu_000491.png,0.029647,0.012291,0.005571,0.00826,0.0,0.291877,0.241185,,
149,279,data\selected_frames\nosferatu_non_text_easyocr\nosferatu_000357.png,0.029785,0.016888,0.007046,0.00592,0.0,0.300846,0.226344,,
150,278,data\selected_frames\nosferatu_non_text_easyocr\nosferatu_000330.png,0.029872,0.011968,0.004075,0.008647,0.0,0.249729,0.199636,,
151,277,data\selected_frames\nosferatu_non_text_easyocr\nosferatu_000572.png,0.029952,0.012535,0.004348,0.008382,0.0,0.27458,0.246428,,
152,276,data\selected_frames\nosferatu_non_text_easyocr\nosferatu_000499.png,0.029958,0.010639,0.003468,0.009399,0.0,0.268105,0.212985,,
153,275,data\selected_frames\nosferatu_non_text_easyocr\nosferatu_000220.png,0.030042,0.013847,0.005153,0.007711,0.0,0.26585,0.264641,,
154,274,data\selected_frames\nosferatu_non_text_easyocr\nosferatu_000517.png,0.03011,0.012172,0.00375,0.008687,0.0,0.437771,0.25444,,
155,273,data\selected_frames\nosferatu_non_text_easyocr\nosferatu_000487.png,0.030281,0.014163,0.006813,0.007548,0.0,0.322586,0.246949,,
156,272,data\selected_frames\nosferatu_non_text_easyocr\nosferatu_000556.png,0.03029,0.01561,0.005903,0.006897,0.0,0.375038,0.302174,,
157,271,data\selected_frames\nosferatu_non_text_easyocr\nosferatu_000087.png,0.03051,0.007071,0.001419,0.006734,0.006505,0.193495,0.165183,,
158,270,data\selected_frames\nosferatu_non_text_easyocr\nosferatu_000255.png,0.030665,0.008538,0.002112,0.010905,0.0,0.54866,0.321978,,
159,269,data\selected_frames\nosferatu_non_text_easyocr\nosferatu_000250.png,0.030777,0.008626,0.00282,0.010864,0.0,0.243528,0.193686,,
160,268,data\selected_frames\nosferatu_non_text_easyocr\nosferatu_000203.png,0.030846,0.009576,0.002912,0.010417,0.0,0.201756,0.193399,,
161,267,data\selected_frames\nosferatu_non_text_easyocr\nosferatu_000527.png,0.031067,0.011073,0.003898,0.009705,0.0,0.465529,0.296717,,
162,266,data\selected_frames\nosferatu_non_text_easyocr\nosferatu_000568.png,0.031133,0.016644,0.006533,0.006755,0.0,0.439462,0.321447,,
163,265,data\selected_frames\nosferatu_non_text_easyocr\nosferatu_000181.png,0.031299,0.011298,0.003403,0.009745,0.0,0.250604,0.228523,,
164,264,data\selected_frames\nosferatu_non_text_easyocr\nosferatu_000247.png,0.031533,0.011601,0.004302,0.009644,0.0,0.28084,0.224386,,
165,263,data\selected_frames\nosferatu_non_text_easyocr\nosferatu_000518.png,0.03164,0.011902,0.003549,0.009603,0.0,0.438187,0.286132,,
166,262,data\selected_frames\nosferatu_non_text_easyocr\nosferatu_000496.png,0.031649,0.013382,0.00622,0.008667,0.0,0.333841,0.267855,,
167,261,data\selected_frames\nosferatu_non_text_easyocr\nosferatu_000516.png,0.032038,0.014201,0.004436,0.008586,0.0,0.390387,0.236184,,
168,260,data\selected_frames\nosferatu_non_text_easyocr\nosferatu_000526.png,0.032102,0.012585,0.005606,0.009338,0.0,0.491026,0.325717,,
169,259,data\selected_frames\nosferatu_non_text_easyocr\nosferatu_000339.png,0.032116,0.009159,0.00195,0.011332,0.0,0.339076,0.211672,,
170,258,data\selected_frames\nosferatu_non_text_easyocr\nosferatu_000594.png,0.032162,0.011232,0.003356,0.010213,0.0,0.313167,0.299226,,
171,257,data\selected_frames\nosferatu_non_text_easyocr\nosferatu_000084.png,0.032467,0.020706,0.010048,0.005127,0.0,0.260252,0.201668,,
172,256,data\selected_frames\nosferatu_non_text_easyocr\nosferatu_000251.png,0.032486,0.009899,0.003286,0.011047,0.0,0.276872,0.216486,,
173,255,data\selected_frames\nosferatu_non_text_easyocr\nosferatu_000359.png,0.032516,0.01849,0.006975,0.00649,0.0,0.396726,0.278712,,
174,254,data\selected_frames\nosferatu_non_text_easyocr\nosferatu_000505.png,0.032636,0.011395,0.003257,0.010376,0.0,0.500531,0.328021,,
175,253,data\selected_frames\nosferatu_non_text_easyocr\nosferatu_000202.png,0.032803,0.010566,0.003121,0.010885,0.0,0.229742,0.213462,,
176,252,data\selected_frames\nosferatu_non_text_easyocr\nosferatu_000358.png,0.032836,0.015502,0.005155,0.00828,0.0,0.328095,0.243768,,
177,251,data\selected_frames\nosferatu_non_text_easyocr\nosferatu_000085.png,0.032849,0.022914,0.010891,0.00415,0.0,0.300464,0.224391,,
178,250,data\selected_frames\nosferatu_non_text_easyocr\nosferatu_000192.png,0.032873,0.011287,0.003118,0.010559,0.0,0.309153,0.260422,,
179,249,data\selected_frames\nosferatu_non_text_easyocr\nosferatu_000348.png,0.033089,0.01132,0.003254,0.01064,0.0,0.358564,0.226088,,
180,248,data\selected_frames\nosferatu_non_text_easyocr\nosferatu_000186.png,0.033242,0.008673,0.002317,0.004822,0.009719,0.190281,0.191485,,
181,247,data\selected_frames\nosferatu_non_text_easyocr\nosferatu_000492.png,0.033345,0.015522,0.0076,0.008341,0.0,0.336137,0.250629,,
182,246,data\selected_frames\nosferatu_non_text_easyocr\nosferatu_000309.png,0.033488,0.012359,0.003323,0.010315,0.0,0.448125,0.249036,,
183,245,data\selected_frames\nosferatu_non_text_easyocr\nosferatu_000076.png,0.033574,0.008819,0.002543,0.012187,0.0,0.217215,0.195318,,
184,244,data\selected_frames\nosferatu_non_text_easyocr\nosferatu_000495.png,0.033631,0.01525,0.00725,0.008647,0.0,0.358744,0.261279,,
185,243,data\selected_frames\nosferatu_non_text_easyocr\nosferatu_000515.png,0.033698,0.015717,0.005131,0.008606,0.0,0.431486,0.246097,,
186,242,data\selected_frames\nosferatu_non_text_easyocr\nosferatu_000493.png,0.033759,0.015683,0.007116,0.008504,0.0,0.340116,0.255125,,
187,241,data\selected_frames\nosferatu_non_text_easyocr\nosferatu_000410.png,0.034065,0.009507,0.002853,0.012065,0.0,0.26959,0.232452,,
188,240,data\selected_frames\nosferatu_non_text_easyocr\nosferatu_000377.png,0.034112,0.007769,0.00174,0.013041,0.0,0.224645,0.145101,,
189,239,data\selected_frames\nosferatu_non_text_easyocr\nosferatu_000473.png,0.03434,0.007927,0.002203,0.013041,0.0,0.290789,0.242708,,
190,238,data\selected_frames\nosferatu_non_text_easyocr\nosferatu_000254.png,0.03435,0.006034,0.000782,0.014099,0.0,0.305538,0.156625,,
191,237,data\selected_frames\nosferatu_non_text_easyocr\nosferatu_000406.png,0.034761,0.005183,0.001242,0.005452,0.012324,0.187676,0.132897,,
192,236,data\selected_frames\nosferatu_non_text_easyocr\nosferatu_000072.png,0.034845,0.010992,0.00358,0.011658,0.0,0.477006,0.367712,,
193,235,data\selected_frames\nosferatu_non_text_easyocr\nosferatu_000555.png,0.034852,0.016332,0.005199,0.00887,0.0,0.4126,0.311235,,
194,234,data\selected_frames\nosferatu_non_text_easyocr\nosferatu_000236.png,0.035151,0.014144,0.006314,0.01003,0.0,0.296172,0.314924,,
195,233,data\selected_frames\nosferatu_non_text_easyocr\nosferatu_000478.png,0.03546,0.010869,0.002533,0.012105,0.0,0.251954,0.142671,,
196,232,data\selected_frames\nosferatu_non_text_easyocr\nosferatu_000470.png,0.035502,0.007484,0.00233,0.013835,0.0,0.203387,0.243289,,
197,231,data\selected_frames\nosferatu_non_text_easyocr\nosferatu_000191.png,0.035569,0.010818,0.003061,0.012146,0.0,0.263311,0.233654,,
198,230,data\selected_frames\nosferatu_non_text_easyocr\nosferatu_000471.png,0.03589,0.008186,0.0024,0.013672,0.0,0.237241,0.268655,,
199,229,data\selected_frames\nosferatu_non_text_easyocr\nosferatu_000546.png,0.036323,0.021566,0.009402,0.006673,0.0,0.302789,0.234111,,
200,228,data\selected_frames\nosferatu_non_text_easyocr\nosferatu_000235.png,0.036361,0.012436,0.0046,0.011617,0.0,0.298296,0.297635,,
201,227,data\selected_frames\nosferatu_non_text_easyocr\nosferatu_000310.png,0.036619,0.013926,0.003719,0.011068,0.0,0.369114,0.192106,,
202,226,data\selected_frames\nosferatu_non_text_easyocr\nosferatu_000352.png,0.036707,0.014558,0.005788,0.01064,0.0,0.357988,0.258555,,
203,225,data\selected_frames\nosferatu_non_text_easyocr\nosferatu_000308.png,0.036805,0.011455,0.003255,0.012431,0.0,0.506943,0.281023,,
204,224,data\selected_frames\nosferatu_non_text_easyocr\nosferatu_000373.png,0.036921,0.022553,0.00844,0.006551,0.0,0.361596,0.210686,,
205,223,data\selected_frames\nosferatu_non_text_easyocr\nosferatu_000545.png,0.037251,0.022678,0.010352,0.00651,0.0,0.309568,0.237531,,
206,222,data\selected_frames\nosferatu_non_text_easyocr\nosferatu_000351.png,0.037455,0.012728,0.004795,0.012004,0.0,0.291531,0.205454,,
207,221,data\selected_frames\nosferatu_non_text_easyocr\nosferatu_000089.png,0.037473,0.006462,0.001119,0.015422,0.0,0.261763,0.127132,,
208,220,data\selected_frames\nosferatu_non_text_easyocr\nosferatu_000103.png,0.037701,0.013207,0.004059,0.011943,0.0,0.248911,0.201016,,
209,219,data\selected_frames\nosferatu_non_text_easyocr\nosferatu_000075.png,0.038189,0.011764,0.003639,0.012939,0.0,0.458479,0.316209,,
210,218,data\selected_frames\nosferatu_non_text_easyocr\nosferatu_000320.png,0.038297,0.010644,0.003147,0.01359,0.0,0.277833,0.244137,,
211,217,data\selected_frames\nosferatu_non_text_easyocr\nosferatu_000543.png,0.038347,0.023789,0.011062,0.006449,0.0,0.324549,0.251632,,
212,216,data\selected_frames\nosferatu_non_text_easyocr\nosferatu_000069.png,0.038412,0.013425,0.005719,0.012065,0.0,0.233612,0.249369,,
213,215,data\selected_frames\nosferatu_non_text_easyocr\nosferatu_000335.png,0.038664,0.015498,0.005513,0.011169,0.0,0.299147,0.226639,,
214,214,data\selected_frames\nosferatu_non_text_easyocr\nosferatu_000223.png,0.038705,0.0112,0.004331,0.013428,0.0,0.219168,0.24538,,
215,213,data\selected_frames\nosferatu_non_text_easyocr\nosferatu_000365.png,0.038805,0.014943,0.004455,0.011597,0.0,0.399815,0.263537,,
216,212,data\selected_frames\nosferatu_non_text_easyocr\nosferatu_000374.png,0.039099,0.022989,0.008388,0.007426,0.0,0.425931,0.22,,
217,211,data\selected_frames\nosferatu_non_text_easyocr\nosferatu_000125.png,0.039158,0.014682,0.005024,0.011861,0.0,0.364217,0.290331,,
218,210,data\selected_frames\nosferatu_non_text_easyocr\nosferatu_000252.png,0.039234,0.011555,0.004133,0.013529,0.0,0.284766,0.238302,,
219,209,data\selected_frames\nosferatu_non_text_easyocr\nosferatu_000368.png,0.03937,0.021669,0.007605,0.00828,0.0,0.409053,0.214904,,
220,208,data\selected_frames\nosferatu_non_text_easyocr\nosferatu_000574.png,0.039582,0.013943,0.004913,0.012451,0.0,0.347161,0.260026,,
221,207,data\selected_frames\nosferatu_non_text_easyocr\nosferatu_000331.png,0.039614,0.013656,0.004864,0.012614,0.0,0.295398,0.217745,,
222,206,data\selected_frames\nosferatu_non_text_easyocr\nosferatu_000319.png,0.039697,0.01504,0.004597,0.011983,0.0,0.292455,0.1994,,
223,205,data\selected_frames\nosferatu_non_text_easyocr\nosferatu_000544.png,0.039731,0.023809,0.010928,0.007141,0.0,0.34954,0.257861,,
224,204,data\selected_frames\nosferatu_non_text_easyocr\nosferatu_000245.png,0.039753,0.009059,0.003031,0.008362,0.00901,0.19099,0.211826,,
225,203,data\selected_frames\nosferatu_non_text_easyocr\nosferatu_000088.png,0.039886,0.004445,0.000611,0.005778,0.015863,0.195417,0.088721,,
226,202,data\selected_frames\nosferatu_non_text_easyocr\nosferatu_000313.png,0.040049,0.01528,0.004808,0.012024,0.0,0.389949,0.248722,,
227,201,data\selected_frames\nosferatu_non_text_easyocr\nosferatu_000483.png,0.040368,0.016669,0.006088,0.011393,0.0,0.338037,0.245952,,
228,200,data\selected_frames\nosferatu_non_text_easyocr\nosferatu_000575.png,0.04046,0.012385,0.004606,0.013692,0.0,0.266198,0.204156,,
229,199,data\selected_frames\nosferatu_non_text_easyocr\nosferatu_000472.png,0.040614,0.007608,0.002158,0.010478,0.007818,0.192182,0.219451,,
230,198,data\selected_frames\nosferatu_non_text_easyocr\nosferatu_000328.png,0.040857,0.014013,0.004808,0.013062,0.0,0.314681,0.215676,,
231,197,data\selected_frames\nosferatu_non_text_easyocr\nosferatu_000312.png,0.040982,0.014891,0.004402,0.012716,0.0,0.344246,0.240512,,
232,196,data\selected_frames\nosferatu_non_text_easyocr\nosferatu_000154.png,0.041314,0.017245,0.00584,0.011597,0.0,0.35155,0.254356,,
233,195,data\selected_frames\nosferatu_non_text_easyocr\nosferatu_000510.png,0.041344,0.021851,0.007609,0.009176,0.0,0.333472,0.194143,,
234,194,data\selected_frames\nosferatu_non_text_easyocr\nosferatu_000372.png,0.041782,0.023895,0.009111,0.00826,0.0,0.449024,0.223384,,
235,193,data\selected_frames\nosferatu_non_text_easyocr\nosferatu_000318.png,0.041845,0.017329,0.005559,0.011841,0.0,0.315721,0.189518,,
236,192,data\selected_frames\nosferatu_non_text_easyocr\nosferatu_000584.png,0.042055,0.019218,0.007392,0.010864,0.0,0.391725,0.236382,,
237,191,data\selected_frames\nosferatu_non_text_easyocr\nosferatu_000387.png,0.042138,0.009672,0.002682,0.016032,0.0,0.242004,0.166432,,
238,190,data\selected_frames\nosferatu_non_text_easyocr\nosferatu_000327.png,0.042262,0.012414,0.003946,0.014628,0.0,0.319396,0.21801,,
239,189,data\selected_frames\nosferatu_non_text_easyocr\nosferatu_000139.png,0.042358,0.01331,0.003764,0.014242,0.0,0.339476,0.244851,,
240,188,data\selected_frames\nosferatu_non_text_easyocr\nosferatu_000332.png,0.042467,0.013985,0.004876,0.013875,0.0,0.309012,0.212573,,
241,187,data\selected_frames\nosferatu_non_text_easyocr\nosferatu_000322.png,0.042561,0.014743,0.005331,0.013509,0.0,0.396486,0.289989,,
242,186,data\selected_frames\nosferatu_non_text_easyocr\nosferatu_000477.png,0.042657,0.014981,0.004386,0.013509,0.0,0.359578,0.186587,,
243,185,data\selected_frames\nosferatu_non_text_easyocr\nosferatu_000150.png,0.042965,0.013159,0.003936,0.014608,0.0,0.316882,0.245169,,
244,184,data\selected_frames\nosferatu_non_text_easyocr\nosferatu_000144.png,0.043163,0.013977,0.004409,0.014262,0.0,0.348518,0.259429,,
245,183,data\selected_frames\nosferatu_non_text_easyocr\nosferatu_000349.png,0.043188,0.012939,0.004718,0.014771,0.0,0.301378,0.252052,,
246,182,data\selected_frames\nosferatu_non_text_easyocr\nosferatu_000482.png,0.043617,0.016281,0.005645,0.013245,0.0,0.317874,0.219735,,
247,181,data\selected_frames\nosferatu_non_text_easyocr\nosferatu_000364.png,0.043725,0.016742,0.006003,0.013041,0.0,0.404057,0.282652,,
248,180,data\selected_frames\nosferatu_non_text_easyocr\nosferatu_000536.png,0.043726,0.01433,0.003921,0.014404,0.0,0.289997,0.214001,,
249,179,data\selected_frames\nosferatu_non_text_easyocr\nosferatu_000314.png,0.04377,0.015414,0.004575,0.013835,0.0,0.4118,0.243732,,
250,178,data\selected_frames\nosferatu_non_text_easyocr\nosferatu_000345.png,0.04386,0.012307,0.004192,0.015462,0.0,0.333464,0.230201,,
251,177,data\selected_frames\nosferatu_non_text_easyocr\nosferatu_000070.png,0.044091,0.015568,0.007318,0.013713,0.0,0.255226,0.253198,,
252,176,data\selected_frames\nosferatu_non_text_easyocr\nosferatu_000147.png,0.044468,0.013767,0.00394,0.015055,0.0,0.380783,0.257387,,
253,175,data\selected_frames\nosferatu_non_text_easyocr\nosferatu_000511.png,0.044475,0.023375,0.00829,0.009928,0.0,0.390649,0.22747,,
254,174,data\selected_frames\nosferatu_non_text_easyocr\nosferatu_000509.png,0.044508,0.021006,0.007213,0.01121,0.0,0.336185,0.176898,,
255,173,data\selected_frames\nosferatu_non_text_easyocr\nosferatu_000137.png,0.044539,0.014602,0.004269,0.014648,0.0,0.4134,0.264849,,
256,172,data\selected_frames\nosferatu_non_text_easyocr\nosferatu_000388.png,0.044558,0.011582,0.003369,0.016235,0.0,0.293889,0.192196,,
257,171,data\selected_frames\nosferatu_non_text_easyocr\nosferatu_000366.png,0.044573,0.015625,0.005811,0.014038,0.0,0.313343,0.21027,,
258,170,data\selected_frames\nosferatu_non_text_easyocr\nosferatu_000585.png,0.044764,0.019961,0.00829,0.01178,0.0,0.344733,0.227369,,
259,169,data\selected_frames\nosferatu_non_text_easyocr\nosferatu_000334.png,0.04492,0.015374,0.005188,0.014384,0.0,0.307765,0.227799,,
260,168,data\selected_frames\nosferatu_non_text_easyocr\nosferatu_000073.png,0.045005,0.011411,0.003692,0.01652,0.0,0.484234,0.352453,,
261,167,data\selected_frames\nosferatu_non_text_easyocr\nosferatu_000083.png,0.04521,0.022475,0.01132,0.010518,0.0,0.287738,0.212179,,
262,166,data\selected_frames\nosferatu_non_text_easyocr\nosferatu_000289.png,0.045233,0.017125,0.006996,0.013529,0.0,0.270145,0.247756,,
263,165,data\selected_frames\nosferatu_non_text_easyocr\nosferatu_000317.png,0.045278,0.017207,0.005393,0.013631,0.0,0.300772,0.182314,,
264,164,data\selected_frames\nosferatu_non_text_easyocr\nosferatu_000479.png,0.045294,0.01495,0.004811,0.014811,0.0,0.301113,0.212014,,
265,163,data\selected_frames\nosferatu_non_text_easyocr\nosferatu_000140.png,0.045492,0.01404,0.004329,0.015401,0.0,0.352083,0.255218,,
266,162,data\selected_frames\nosferatu_non_text_easyocr\nosferatu_000253.png,0.045597,0.00876,0.001714,0.01829,0.0,0.312536,0.183693,,
267,161,data\selected_frames\nosferatu_non_text_easyocr\nosferatu_000529.png,0.045628,0.016988,0.005385,0.013916,0.0,0.418306,0.256729,,
268,160,data\selected_frames\nosferatu_non_text_easyocr\nosferatu_000587.png,0.046076,0.020986,0.008845,0.011882,0.0,0.353055,0.227246,,
269,159,data\selected_frames\nosferatu_non_text_easyocr\nosferatu_000082.png,0.046177,0.025465,0.013839,0.009318,0.0,0.323916,0.236786,,
270,158,data\selected_frames\nosferatu_non_text_easyocr\nosferatu_000143.png,0.046313,0.014656,0.004343,0.015503,0.0,0.372248,0.250566,,
271,157,data\selected_frames\nosferatu_non_text_easyocr\nosferatu_000355.png,0.046382,0.009885,0.002696,0.018046,0.0,0.332549,0.148447,,
272,156,data\selected_frames\nosferatu_non_text_easyocr\nosferatu_000586.png,0.046468,0.023389,0.01117,0.010701,0.0,0.454152,0.271877,,
273,155,data\selected_frames\nosferatu_non_text_easyocr\nosferatu_000138.png,0.046623,0.013719,0.003972,0.016154,0.0,0.370538,0.254004,,
274,154,data\selected_frames\nosferatu_non_text_easyocr\nosferatu_000333.png,0.04666,0.018111,0.00749,0.013713,0.0,0.362038,0.244098,,
275,153,data\selected_frames\nosferatu_non_text_easyocr\nosferatu_000098.png,0.046878,0.011027,0.002191,0.017761,0.0,0.318266,0.194082,,
276,152,data\selected_frames\nosferatu_non_text_easyocr\nosferatu_000381.png,0.046901,0.011515,0.003975,0.017395,0.0,0.237532,0.1768,,
277,151,data\selected_frames\nosferatu_non_text_easyocr\nosferatu_000485.png,0.047187,0.017593,0.00578,0.014364,0.0,0.311441,0.222824,,
278,150,data\selected_frames\nosferatu_non_text_easyocr\nosferatu_000379.png,0.047311,0.011186,0.003476,0.017802,0.0,0.279448,0.168888,,
279,149,data\selected_frames\nosferatu_non_text_easyocr\nosferatu_000484.png,0.047322,0.018035,0.006448,0.01416,0.0,0.347648,0.2409,,
280,148,data\selected_frames\nosferatu_non_text_easyocr\nosferatu_000528.png,0.047327,0.017156,0.005285,0.014689,0.0,0.343494,0.228074,,
281,147,data\selected_frames\nosferatu_non_text_easyocr\nosferatu_000145.png,0.047474,0.01489,0.004554,0.015951,0.0,0.389508,0.260226,,
282,146,data\selected_frames\nosferatu_non_text_easyocr\nosferatu_000588.png,0.047542,0.021948,0.009766,0.012065,0.0,0.485631,0.269979,,
283,145,data\selected_frames\nosferatu_non_text_easyocr\nosferatu_000161.png,0.047688,0.015773,0.006331,0.015483,0.0,0.566759,0.323995,,
284,144,data\selected_frames\nosferatu_non_text_easyocr\nosferatu_000146.png,0.047742,0.014475,0.004225,0.016317,0.0,0.415538,0.268063,,
285,143,data\selected_frames\nosferatu_non_text_easyocr\nosferatu_000535.png,0.047982,0.018066,0.005756,0.014526,0.0,0.390243,0.260403,,
286,142,data\selected_frames\nosferatu_non_text_easyocr\nosferatu_000168.png,0.048106,0.014566,0.004418,0.016439,0.0,0.438265,0.268952,,
287,141,data\selected_frames\nosferatu_non_text_easyocr\nosferatu_000337.png,0.048202,0.012989,0.003639,0.017334,0.0,0.326395,0.217844,,
288,140,data\selected_frames\nosferatu_non_text_easyocr\nosferatu_000321.png,0.048285,0.013138,0.004548,0.017232,0.0,0.370785,0.282186,,
289,139,data\selected_frames\nosferatu_non_text_easyocr\nosferatu_000512.png,0.048531,0.023564,0.008566,0.011841,0.0,0.385954,0.214223,,
290,138,data\selected_frames\nosferatu_non_text_easyocr\nosferatu_000142.png,0.048746,0.015083,0.004422,0.0165,0.0,0.436989,0.262793,,
291,137,data\selected_frames\nosferatu_non_text_easyocr\nosferatu_000134.png,0.048937,0.011235,0.002866,0.018636,0.0,0.321346,0.208875,,
292,136,data\selected_frames\nosferatu_non_text_easyocr\nosferatu_000591.png,0.04896,0.02273,0.010753,0.012309,0.0,0.557758,0.271925,,
293,135,data\selected_frames\nosferatu_non_text_easyocr\nosferatu_000291.png,0.049008,0.018811,0.007632,0.014526,0.0,0.311627,0.256915,,
294,134,data\selected_frames\nosferatu_non_text_easyocr\nosferatu_000589.png,0.049046,0.021369,0.01009,0.013082,0.0,0.519814,0.302066,,
295,133,data\selected_frames\nosferatu_non_text_easyocr\nosferatu_000141.png,0.04917,0.015534,0.00478,0.016459,0.0,0.425947,0.259277,,
296,132,data\selected_frames\nosferatu_non_text_easyocr\nosferatu_000109.png,0.049251,0.012726,0.003696,0.017985,0.0,0.29245,0.209397,,
297,131,data\selected_frames\nosferatu_non_text_easyocr\nosferatu_000148.png,0.049331,0.015036,0.00457,0.016805,0.0,0.407758,0.256083,,
298,130,data\selected_frames\nosferatu_non_text_easyocr\nosferatu_000590.png,0.050388,0.023818,0.01139,0.012431,0.0,0.473169,0.289862,,
299,129,data\selected_frames\nosferatu_non_text_easyocr\nosferatu_000593.png,0.050426,0.013051,0.003669,0.018412,0.0,0.375533,0.306699,,
300,128,data\selected_frames\nosferatu_non_text_easyocr\nosferatu_000307.png,0.050662,0.013734,0.005026,0.018087,0.0,0.687054,0.277463,,
301,127,data\selected_frames\nosferatu_non_text_easyocr\nosferatu_000149.png,0.050731,0.014753,0.004396,0.01766,0.0,0.422616,0.260751,,
302,126,data\selected_frames\nosferatu_non_text_easyocr\nosferatu_000108.png,0.050742,0.014423,0.004498,0.017822,0.0,0.296232,0.224637,,
303,125,data\selected_frames\nosferatu_non_text_easyocr\nosferatu_000293.png,0.050908,0.018955,0.007944,0.015381,0.0,0.309035,0.258634,,
304,124,data\selected_frames\nosferatu_non_text_easyocr\nosferatu_000151.png,0.051214,0.013974,0.00386,0.018331,0.0,0.425561,0.259165,,
305,123,data\selected_frames\nosferatu_non_text_easyocr\nosferatu_000122.png,0.051239,0.017412,0.00633,0.016439,0.0,0.404978,0.258715,,
306,122,data\selected_frames\nosferatu_non_text_easyocr\nosferatu_000077.png,0.051359,0.007402,0.002123,0.01003,0.015719,0.184281,0.175248,,
307,121,data\selected_frames\nosferatu_non_text_easyocr\nosferatu_000298.png,0.051568,0.01938,0.008425,0.015462,0.0,0.306365,0.26064,,
308,120,data\selected_frames\nosferatu_non_text_easyocr\nosferatu_000153.png,0.051745,0.015678,0.004984,0.01766,0.0,0.334087,0.243771,,
309,119,data\selected_frames\nosferatu_non_text_easyocr\nosferatu_000336.png,0.051746,0.016571,0.006095,0.017131,0.0,0.318904,0.222703,,
310,118,data\selected_frames\nosferatu_non_text_easyocr\nosferatu_000294.png,0.051787,0.019628,0.00823,0.015462,0.0,0.315782,0.256482,,
311,117,data\selected_frames\nosferatu_non_text_easyocr\nosferatu_000315.png,0.051837,0.017982,0.005972,0.016479,0.0,0.437917,0.260036,,
312,116,data\selected_frames\nosferatu_non_text_easyocr\nosferatu_000480.png,0.052514,0.01863,0.006981,0.016418,0.0,0.364079,0.251626,,
313,115,data\selected_frames\nosferatu_non_text_easyocr\nosferatu_000329.png,0.052687,0.016614,0.006113,0.017578,0.0,0.392321,0.224859,,
314,114,data\selected_frames\nosferatu_non_text_easyocr\nosferatu_000324.png,0.052768,0.015735,0.005456,0.018107,0.0,0.386313,0.266015,,
315,113,data\selected_frames\nosferatu_non_text_easyocr\nosferatu_000346.png,0.052849,0.013117,0.004463,0.019531,0.0,0.372675,0.236302,,
316,112,data\selected_frames\nosferatu_non_text_easyocr\nosferatu_000481.png,0.052959,0.019183,0.007075,0.016357,0.0,0.371962,0.246711,,
317,111,data\selected_frames\nosferatu_non_text_easyocr\nosferatu_000288.png,0.052986,0.019516,0.00829,0.016113,0.0,0.31915,0.260458,,
318,110,data\selected_frames\nosferatu_non_text_easyocr\nosferatu_000116.png,0.053047,0.01513,0.005928,0.018514,0.0,0.286139,0.259191,,
319,109,data\selected_frames\nosferatu_non_text_easyocr\nosferatu_000390.png,0.053266,0.011736,0.003157,0.020528,0.0,0.302489,0.184415,,
320,108,data\selected_frames\nosferatu_non_text_easyocr\nosferatu_000316.png,0.053301,0.020628,0.007587,0.015767,0.0,0.441068,0.244224,,
321,107,data\selected_frames\nosferatu_non_text_easyocr\nosferatu_000378.png,0.053393,0.012511,0.004532,0.020101,0.0,0.32979,0.205104,,
322,106,data\selected_frames\nosferatu_non_text_easyocr\nosferatu_000287.png,0.053648,0.019484,0.008575,0.016439,0.0,0.316883,0.270058,,
323,105,data\selected_frames\nosferatu_non_text_easyocr\nosferatu_000124.png,0.053782,0.015425,0.005609,0.018758,0.0,0.42955,0.293948,,
324,104,data\selected_frames\nosferatu_non_text_easyocr\nosferatu_000370.png,0.053959,0.019132,0.008655,0.016764,0.0,0.535895,0.285647,,
325,103,data\selected_frames\nosferatu_non_text_easyocr\nosferatu_000295.png,0.054273,0.02082,0.008991,0.016052,0.0,0.333114,0.263351,,
326,102,data\selected_frames\nosferatu_non_text_easyocr\nosferatu_000132.png,0.05459,0.014117,0.005875,0.019796,0.0,0.253983,0.162238,,
327,101,data\selected_frames\nosferatu_non_text_easyocr\nosferatu_000198.png,0.054727,0.008736,0.002532,0.007711,0.020126,0.179874,0.180189,,
328,100,data\selected_frames\nosferatu_non_text_easyocr\nosferatu_000115.png,0.054858,0.014743,0.00566,0.019633,0.0,0.297473,0.258861,,
329,99,data\selected_frames\nosferatu_non_text_easyocr\nosferatu_000299.png,0.054992,0.020947,0.00941,0.016317,0.0,0.335638,0.270281,,
330,98,data\selected_frames\nosferatu_non_text_easyocr\nosferatu_000093.png,0.055146,0.009218,0.002093,0.022807,0.0,0.249041,0.175177,,
331,97,data\selected_frames\nosferatu_non_text_easyocr\nosferatu_000432.png,0.055153,0.005729,0.001259,0.007446,0.022895,0.177105,0.130824,,
332,96,data\selected_frames\nosferatu_non_text_easyocr\nosferatu_000369.png,0.055437,0.019496,0.008759,0.017314,0.0,0.613312,0.283848,,
333,95,data\selected_frames\nosferatu_non_text_easyocr\nosferatu_000325.png,0.055458,0.013751,0.004339,0.020528,0.0,0.366385,0.268003,,
334,94,data\selected_frames\nosferatu_non_text_easyocr\nosferatu_000101.png,0.055516,0.015041,0.004264,0.019918,0.0,0.32519,0.227447,,
335,93,data\selected_frames\nosferatu_non_text_easyocr\nosferatu_000102.png,0.055807,0.017282,0.005369,0.01886,0.0,0.339629,0.218416,,
336,92,data\selected_frames\nosferatu_non_text_easyocr\nosferatu_000297.png,0.056068,0.020569,0.009065,0.017069,0.0,0.336853,0.275199,,
337,91,data\selected_frames\nosferatu_non_text_easyocr\nosferatu_000100.png,0.05633,0.0145,0.004072,0.02061,0.0,0.300243,0.21936,,
338,90,data\selected_frames\nosferatu_non_text_easyocr\nosferatu_000296.png,0.056479,0.020564,0.008857,0.017293,0.0,0.337745,0.261939,,
339,89,data\selected_frames\nosferatu_non_text_easyocr\nosferatu_000367.png,0.057515,0.002761,0.000332,0.00413,0.030963,0.211618,0.069037,,
340,88,data\selected_frames\nosferatu_non_text_easyocr\nosferatu_000099.png,0.057641,0.014642,0.003727,0.02122,0.0,0.4038,0.221144,,
341,87,data\selected_frames\nosferatu_non_text_easyocr\nosferatu_000469.png,0.058024,0.005422,0.001402,0.008545,0.023534,0.176466,0.214908,,
342,86,data\selected_frames\nosferatu_non_text_easyocr\nosferatu_000350.png,0.058107,0.012804,0.003899,0.022359,0.0,0.437429,0.237851,,
343,85,data\selected_frames\nosferatu_non_text_easyocr\nosferatu_000292.png,0.058188,0.020103,0.008405,0.018412,0.0,0.342072,0.267215,,
344,84,data\selected_frames\nosferatu_non_text_easyocr\nosferatu_000323.png,0.058655,0.017984,0.006928,0.019816,0.0,0.460746,0.288646,,
345,83,data\selected_frames\nosferatu_non_text_easyocr\nosferatu_000534.png,0.059345,0.021417,0.008712,0.018311,0.0,0.438599,0.28657,,
346,82,data\selected_frames\nosferatu_non_text_easyocr\nosferatu_000123.png,0.060202,0.01838,0.007551,0.020345,0.0,0.465134,0.29716,,
347,81,data\selected_frames\nosferatu_non_text_easyocr\nosferatu_000090.png,0.060317,0.010743,0.002529,0.024597,0.0,0.339276,0.170907,,
348,80,data\selected_frames\nosferatu_non_text_easyocr\nosferatu_000290.png,0.06053,0.0208,0.009331,0.019165,0.0,0.329587,0.272191,,
349,79,data\selected_frames\nosferatu_non_text_easyocr\nosferatu_000371.png,0.061053,0.022437,0.010311,0.018534,0.0,0.656767,0.261402,,
350,78,data\selected_frames\nosferatu_non_text_easyocr\nosferatu_000133.png,0.061447,0.017841,0.0075,0.02124,0.0,0.3656,0.191911,,
351,77,data\selected_frames\nosferatu_non_text_easyocr\nosferatu_000300.png,0.062047,0.021544,0.009603,0.019531,0.0,0.3492,0.272081,,
352,76,data\selected_frames\nosferatu_non_text_easyocr\nosferatu_000382.png,0.06213,0.011593,0.003794,0.024984,0.0,0.265603,0.17798,,
353,75,data\selected_frames\nosferatu_non_text_easyocr\nosferatu_000096.png,0.062369,0.010434,0.002263,0.025798,0.0,0.344209,0.225643,,
354,74,data\selected_frames\nosferatu_non_text_easyocr\nosferatu_000094.png,0.062461,0.010499,0.002445,0.025798,0.0,0.311708,0.187962,,
355,73,data\selected_frames\nosferatu_non_text_easyocr\nosferatu_000114.png,0.063225,0.015834,0.00615,0.023234,0.0,0.329215,0.258364,,
356,72,data\selected_frames\nosferatu_non_text_easyocr\nosferatu_000380.png,0.063295,0.01453,0.005277,0.023987,0.0,0.327227,0.205051,,
357,71,data\selected_frames\nosferatu_non_text_easyocr\nosferatu_000111.png,0.064323,0.015581,0.005938,0.023926,0.0,0.321978,0.265235,,
358,70,data\selected_frames\nosferatu_non_text_easyocr\nosferatu_000095.png,0.066707,0.011824,0.003472,0.027181,0.0,0.301463,0.183604,,
359,69,data\selected_frames\nosferatu_non_text_easyocr\nosferatu_000277.png,0.067007,0.022201,0.008723,0.021749,0.0,0.322685,0.21088,,
360,68,data\selected_frames\nosferatu_non_text_easyocr\nosferatu_000113.png,0.067846,0.016108,0.006374,0.025391,0.0,0.331386,0.267932,,
361,67,data\selected_frames\nosferatu_non_text_easyocr\nosferatu_000268.png,0.069275,0.021539,0.008453,0.023234,0.0,0.285678,0.192746,,
362,66,data\selected_frames\nosferatu_non_text_easyocr\nosferatu_000376.png,0.069305,0.005024,0.000832,0.007324,0.033005,0.166995,0.127795,,
363,65,data\selected_frames\nosferatu_non_text_easyocr\nosferatu_000092.png,0.069359,0.011966,0.003121,0.028463,0.0,0.357127,0.191985,,
364,64,data\selected_frames\nosferatu_non_text_easyocr\nosferatu_000271.png,0.069377,0.023384,0.009849,0.022257,0.0,0.325032,0.219043,,
365,63,data\selected_frames\nosferatu_non_text_easyocr\nosferatu_000383.png,0.069773,0.016742,0.00686,0.026001,0.0,0.404634,0.213197,,
366,62,data\selected_frames\nosferatu_non_text_easyocr\nosferatu_000385.png,0.069996,0.013561,0.005417,0.027812,0.0,0.207471,0.17018,,
367,61,data\selected_frames\nosferatu_non_text_easyocr\nosferatu_000224.png,0.070231,0.018101,0.007639,0.025492,0.0,0.309655,0.269084,,
368,60,data\selected_frames\nosferatu_non_text_easyocr\nosferatu_000205.png,0.07143,0.020035,0.006531,0.025208,0.0,0.271781,0.188185,,
369,59,data\selected_frames\nosferatu_non_text_easyocr\nosferatu_000097.png,0.071919,0.017006,0.005296,0.027059,0.0,0.322788,0.223091,,
370,58,data\selected_frames\nosferatu_non_text_easyocr\nosferatu_000264.png,0.072206,0.016305,0.006738,0.027445,0.0,0.221775,0.189389,,
371,57,data\selected_frames\nosferatu_non_text_easyocr\nosferatu_000273.png,0.073311,0.025039,0.011213,0.023295,0.0,0.3587,0.23109,,
372,56,data\selected_frames\nosferatu_non_text_easyocr\nosferatu_000386.png,0.073377,0.016879,0.007454,0.02769,0.0,0.316389,0.227639,,
373,55,data\selected_frames\nosferatu_non_text_easyocr\nosferatu_000227.png,0.073437,0.01781,0.00708,0.027283,0.0,0.330096,0.297967,,
374,54,data\selected_frames\nosferatu_non_text_easyocr\nosferatu_000269.png,0.074132,0.025052,0.011172,0.023702,0.0,0.358173,0.239446,,
375,53,data\selected_frames\nosferatu_non_text_easyocr\nosferatu_000078.png,0.0745,0.021931,0.007849,0.025696,0.0,0.376128,0.239125,,
376,52,data\selected_frames\nosferatu_non_text_easyocr\nosferatu_000267.png,0.074713,0.025555,0.011149,0.023743,0.0,0.381709,0.241827,,
377,51,data\selected_frames\nosferatu_non_text_easyocr\nosferatu_000080.png,0.074939,0.01969,0.007003,0.0271,0.0,0.309402,0.236758,,
378,50,data\selected_frames\nosferatu_non_text_easyocr\nosferatu_000225.png,0.075308,0.016828,0.006298,0.028768,0.0,0.34094,0.267756,,
379,49,data\selected_frames\nosferatu_non_text_easyocr\nosferatu_000375.png,0.075396,0.003761,0.000692,0.004862,0.041204,0.164573,0.094223,,
380,48,data\selected_frames\nosferatu_non_text_easyocr\nosferatu_000112.png,0.075527,0.016682,0.006556,0.028931,0.0,0.359896,0.271522,,
381,47,data\selected_frames\nosferatu_non_text_easyocr\nosferatu_000081.png,0.076013,0.021365,0.007602,0.026754,0.0,0.349045,0.240622,,
382,46,data\selected_frames\nosferatu_non_text_easyocr\nosferatu_000384.png,0.076015,0.015245,0.0061,0.029928,0.0,0.298697,0.211146,,
383,45,data\selected_frames\nosferatu_non_text_easyocr\nosferatu_000243.png,0.077541,0.015921,0.006069,0.030355,0.0,0.316702,0.295809,,
384,44,data\selected_frames\nosferatu_non_text_easyocr\nosferatu_000286.png,0.077722,0.021383,0.009381,0.027466,0.0,0.281358,0.220428,,
385,43,data\selected_frames\nosferatu_non_text_easyocr\nosferatu_000226.png,0.079741,0.016953,0.006262,0.030924,0.0,0.395315,0.294947,,
386,42,data\selected_frames\nosferatu_non_text_easyocr\nosferatu_000279.png,0.080615,0.023277,0.010349,0.027893,0.0,0.294805,0.212677,,
387,41,data\selected_frames\nosferatu_non_text_easyocr\nosferatu_000272.png,0.080831,0.027394,0.012555,0.025777,0.0,0.405849,0.247149,,
388,40,data\selected_frames\nosferatu_non_text_easyocr\nosferatu_000152.png,0.081514,0.025517,0.011712,0.02712,0.0,0.382484,0.258202,,
389,39,data\selected_frames\nosferatu_non_text_easyocr\nosferatu_000206.png,0.083009,0.020026,0.006477,0.031006,0.0,0.272278,0.179967,,
390,38,data\selected_frames\nosferatu_non_text_easyocr\nosferatu_000266.png,0.083651,0.024205,0.010566,0.028931,0.0,0.32706,0.225456,,
391,37,data\selected_frames\nosferatu_non_text_easyocr\nosferatu_000270.png,0.08374,0.025216,0.010925,0.028442,0.0,0.367393,0.244416,,
392,36,data\selected_frames\nosferatu_non_text_easyocr\nosferatu_000283.png,0.083755,0.023494,0.010839,0.029317,0.0,0.294224,0.219767,,
393,35,data\selected_frames\nosferatu_non_text_easyocr\nosferatu_000580.png,0.084375,0.004261,0.000572,0.017314,0.030267,0.169733,0.120971,,
394,34,data\selected_frames\nosferatu_non_text_easyocr\nosferatu_000431.png,0.086391,0.008026,0.00253,0.005534,0.044612,0.155388,0.185798,,
395,33,data\selected_frames\nosferatu_non_text_easyocr\nosferatu_000278.png,0.08704,0.024833,0.011067,0.030273,0.0,0.321956,0.216195,,
396,32,data\selected_frames\nosferatu_non_text_easyocr\nosferatu_000079.png,0.08718,0.024311,0.009238,0.030741,0.0,0.435954,0.249504,,
397,31,data\selected_frames\nosferatu_non_text_easyocr\nosferatu_000282.png,0.087651,0.025353,0.011945,0.030253,0.0,0.336356,0.230746,,
398,30,data\selected_frames\nosferatu_non_text_easyocr\nosferatu_000281.png,0.088089,0.026548,0.012324,0.029846,0.0,0.361621,0.224962,,
399,29,data\selected_frames\nosferatu_non_text_easyocr\nosferatu_000265.png,0.088179,0.022062,0.008919,0.032389,0.0,0.282228,0.202373,,
400,28,data\selected_frames\nosferatu_non_text_easyocr\nosferatu_000284.png,0.088717,0.026459,0.013034,0.030151,0.0,0.346687,0.238651,,
401,27,data\selected_frames\nosferatu_non_text_easyocr\nosferatu_000285.png,0.090339,0.02799,0.013912,0.030131,0.0,0.362115,0.224593,,
402,26,data\selected_frames\nosferatu_non_text_easyocr\nosferatu_000204.png,0.090952,0.021374,0.00704,0.034261,0.0,0.285851,0.175864,,
403,25,data\selected_frames\nosferatu_non_text_easyocr\nosferatu_000240.png,0.091409,0.020458,0.008057,0.034871,0.0,0.33422,0.285043,,
404,24,data\selected_frames\nosferatu_non_text_easyocr\nosferatu_000237.png,0.092173,0.023379,0.011309,0.033549,0.0,0.348693,0.307949,,
405,23,data\selected_frames\nosferatu_non_text_easyocr\nosferatu_000239.png,0.093023,0.022505,0.009778,0.034526,0.0,0.396548,0.327519,,
406,22,data\selected_frames\nosferatu_non_text_easyocr\nosferatu_000238.png,0.093231,0.022573,0.010175,0.034566,0.0,0.374318,0.315422,,
407,21,data\selected_frames\nosferatu_non_text_easyocr\nosferatu_000241.png,0.097305,0.019898,0.007419,0.038147,0.0,0.369737,0.287232,,
408,20,data\selected_frames\nosferatu_non_text_easyocr\nosferatu_000242.png,0.100102,0.020342,0.007646,0.039307,0.0,0.412805,0.29796,,
409,19,data\selected_frames\nosferatu_non_text_easyocr\nosferatu_000086.png,0.110063,0.005221,0.001885,0.000366,0.069218,0.130815,0.099967,,
410,18,data\selected_frames\nosferatu_non_text_easyocr\nosferatu_000404.png,0.113375,0.002913,0.000365,0.004049,0.068206,0.16467,0.067124,,
411,17,data\selected_frames\nosferatu_non_text_easyocr\nosferatu_000447.png,0.1194,0.003768,0.000893,0.002889,0.073147,0.126853,0.120496,,
412,16,data\selected_frames\nosferatu_non_text_easyocr\nosferatu_000222.png,0.13762,0.005578,0.001948,0.001444,0.085908,0.114092,0.127607,,
413,15,data\selected_frames\nosferatu_non_text_easyocr\nosferatu_000110.png,0.157691,0.002812,0.000868,0.002543,0.099775,0.112265,0.08796,,
414,14,data\selected_frames\nosferatu_non_text_easyocr\nosferatu_000414.png,0.166784,0.009257,0.005654,0.012431,0.087878,0.937878,0.176657,,
415,13,data\selected_frames\nosferatu_non_text_easyocr\nosferatu_000476.png,0.170394,0.001259,0.000188,0.004476,0.10677,0.151694,0.041536,,
416,12,data\selected_frames\nosferatu_non_text_easyocr\nosferatu_000419.png,0.221234,0.002146,0.000201,0.0012,0.144438,0.105505,0.050057,,
417,11,data\selected_frames\nosferatu_non_text_easyocr\nosferatu_000436.png,0.264255,0.001541,7.2e-05,0.0,0.175135,0.10478,0.020085,,
418,10,data\selected_frames\nosferatu_non_text_easyocr\nosferatu_000068.png,0.267373,0.001925,0.000474,0.000692,0.175995,0.087407,0.036597,,
419,9,data\selected_frames\nosferatu_non_text_easyocr\nosferatu_000418.png,0.292745,0.001747,8.3e-05,0.0,0.19399,0.08573,0.020281,,
420,8,data\selected_frames\nosferatu_non_text_easyocr\nosferatu_000071.png,0.294635,0.001534,0.000181,0.000468,0.194759,0.085191,0.020051,,
421,7,data\selected_frames\nosferatu_non_text_easyocr\nosferatu_000311.png,0.304418,0.001049,5.3e-05,0.0,0.202241,0.082875,0.014883,,
422,6,data\selected_frames\nosferatu_non_text_easyocr\nosferatu_000006.png,0.311106,0.000668,2.8e-05,0.0,0.206956,0.08034,0.012703,,
423,5,data\selected_frames\nosferatu_non_text_easyocr\nosferatu_000015.png,0.312299,0.001099,4e-05,0.0,0.207463,0.079839,0.012698,,
424,4,data\selected_frames\nosferatu_non_text_easyocr\nosferatu_000057.png,0.312789,0.000591,2.4e-05,0.0,0.20813,0.07932,0.012551,,
425,3,data\selected_frames\nosferatu_non_text_easyocr\nosferatu_000244.png,0.315282,0.000555,2e-05,0.0,0.209816,0.076545,0.013639,,
426,2,data\selected_frames\nosferatu_non_text_easyocr\nosferatu_000045.png,0.318851,0.001417,6e-05,0.0,0.211617,0.075864,0.012519,,
427,1,data\selected_frames\nosferatu_non_text_easyocr\nosferatu_000046.png,0.320811,0.001346,5e-05,0.0,0.212972,0.074836,0.012192,,
