review_id,example_id,degradation_type,split,blind_label,artifact_removal_1_5,detail_preservation_1_5,texture_authenticity_1_5,over_smoothing_1_5,hallucination_risk_1_5,overall_1_5,choose_for_restoration,notes,true_method,prediction_path,manifest_path,human_composite_score
review_00001,example_00026,grain,test,Output 00001,4,3,3,3,2,3,maybe,,conditional_ddpm_v3_splitaware_50_steps,outputs\predictions\conditional_ddpm_v3_splitaware_50steps\conditional_ddpm_v3_splitaware_50_steps\example_00026_grain_conditional_ddpm_v3_splitaware_50_steps_prediction.png,outputs\predictions\conditional_ddpm_v3_splitaware_50steps\prediction_manifest.csv,5.5
review_00002,example_00026,grain,test,Output 00002,5,3,3,4,3,3,no,,residual_ddpm_v1_full_test_50_steps,outputs\predictions\residual_ddpm_v1_full_test_50steps\residual_ddpm_v1_full_test_50_steps\example_00026_grain_residual_ddpm_v1_full_test_50_steps_prediction.png,outputs\predictions\residual_ddpm_v1_full_test_50steps\prediction_manifest.csv,5.0
review_00003,example_00026,grain,test,Output 00003,4,3,4,3,1,4,yes,,conditional_ddpm_v1_50_steps,outputs\predictions\conditional_ddpm_nosferatu_v1_50steps\conditional_ddpm_v1_50_steps\example_00026_grain_conditional_ddpm_v1_50_steps_prediction.png,outputs\predictions\conditional_ddpm_nosferatu_v1_50steps\prediction_manifest.csv,7.5
review_00004,example_00026,grain,test,Output 00004,3,4,3,1,1,3,maybe,,residual_ddpm_v1_conservative_test_50_steps,outputs\predictions\residual_ddpm_v1_conservative_test_50steps\residual_ddpm_v1_conservative_test_50_steps\example_00026_grain_residual_ddpm_v1_conservative_test_50_steps_prediction.png,outputs\predictions\residual_ddpm_v1_conservative_test_50steps\prediction_manifest.csv,7.0
review_00005,example_00026,grain,test,Output 00005,5,4,3,3,2,4,yes,,conditional_ddpm_v1_100_steps,outputs\predictions\conditional_ddpm_nosferatu_v1_100steps\conditional_ddpm_v1_100_steps\example_00026_grain_conditional_ddpm_v1_100_steps_prediction.png,outputs\predictions\conditional_ddpm_nosferatu_v1_100steps\prediction_manifest.csv,7.5
review_00006,example_00121,scratch_dust,test,Output 00006,5,3,4,3,1,4,yes,,conditional_ddpm_v1_100_steps,outputs\predictions\conditional_ddpm_nosferatu_v1_100steps\conditional_ddpm_v1_100_steps\example_00121_scratch_dust_conditional_ddpm_v1_100_steps_prediction.png,outputs\predictions\conditional_ddpm_nosferatu_v1_100steps\prediction_manifest.csv,8.0
review_00007,example_00121,scratch_dust,test,Output 00007,2,3,2,4,3,2,no,,conditional_ddpm_v3_splitaware_50_steps,outputs\predictions\conditional_ddpm_v3_splitaware_50steps\conditional_ddpm_v3_splitaware_50_steps\example_00121_scratch_dust_conditional_ddpm_v3_splitaware_50_steps_prediction.png,outputs\predictions\conditional_ddpm_v3_splitaware_50steps\prediction_manifest.csv,2.0
review_00008,example_00121,scratch_dust,test,Output 00008,1,3,3,3,3,2,no,,residual_ddpm_v1_conservative_test_50_steps,outputs\predictions\residual_ddpm_v1_conservative_test_50steps\residual_ddpm_v1_conservative_test_50_steps\example_00121_scratch_dust_residual_ddpm_v1_conservative_test_50_steps_prediction.png,outputs\predictions\residual_ddpm_v1_conservative_test_50steps\prediction_manifest.csv,2.5
review_00009,example_00121,scratch_dust,test,Output 00009,5,2,2,4,4,1,no,,residual_ddpm_v1_full_test_50_steps,outputs\predictions\residual_ddpm_v1_full_test_50steps\residual_ddpm_v1_full_test_50_steps\example_00121_scratch_dust_residual_ddpm_v1_full_test_50_steps_prediction.png,outputs\predictions\residual_ddpm_v1_full_test_50steps\prediction_manifest.csv,1.5
review_00010,example_00121,scratch_dust,test,Output 00010,5,3,3,3,3,3,maybe,,conditional_ddpm_v1_50_steps,outputs\predictions\conditional_ddpm_nosferatu_v1_50steps\conditional_ddpm_v1_50_steps\example_00121_scratch_dust_conditional_ddpm_v1_50_steps_prediction.png,outputs\predictions\conditional_ddpm_nosferatu_v1_50steps\prediction_manifest.csv,5.5
review_00011,example_00052,scratch_dust,test,Output 00011,5,3,4,2,1,4,yes,,conditional_ddpm_v1_100_steps,outputs\predictions\conditional_ddpm_nosferatu_v1_100steps\conditional_ddpm_v1_100_steps\example_00052_scratch_dust_conditional_ddpm_v1_100_steps_prediction.png,outputs\predictions\conditional_ddpm_nosferatu_v1_100steps\prediction_manifest.csv,8.5
review_00012,example_00052,scratch_dust,test,Output 00012,2,3,3,3,2,2,no,,residual_ddpm_v1_conservative_test_50_steps,outputs\predictions\residual_ddpm_v1_conservative_test_50steps\residual_ddpm_v1_conservative_test_50_steps\example_00052_scratch_dust_residual_ddpm_v1_conservative_test_50_steps_prediction.png,outputs\predictions\residual_ddpm_v1_conservative_test_50steps\prediction_manifest.csv,3.5
review_00013,example_00052,scratch_dust,test,Output 00013,5,4,4,2,2,4,yes,,conditional_ddpm_v1_50_steps,outputs\predictions\conditional_ddpm_nosferatu_v1_50steps\conditional_ddpm_v1_50_steps\example_00052_scratch_dust_conditional_ddpm_v1_50_steps_prediction.png,outputs\predictions\conditional_ddpm_nosferatu_v1_50steps\prediction_manifest.csv,8.5
review_00014,example_00052,scratch_dust,test,Output 00014,5,2,3,4,3,3,maybe,,residual_ddpm_v1_full_test_50_steps,outputs\predictions\residual_ddpm_v1_full_test_50steps\residual_ddpm_v1_full_test_50_steps\example_00052_scratch_dust_residual_ddpm_v1_full_test_50_steps_prediction.png,outputs\predictions\residual_ddpm_v1_full_test_50steps\prediction_manifest.csv,4.5
review_00015,example_00052,scratch_dust,test,Output 00015,5,3,3,3,2,3,maybe,,conditional_ddpm_v3_splitaware_50_steps,outputs\predictions\conditional_ddpm_v3_splitaware_50steps\conditional_ddpm_v3_splitaware_50_steps\example_00052_scratch_dust_conditional_ddpm_v3_splitaware_50_steps_prediction.png,outputs\predictions\conditional_ddpm_v3_splitaware_50steps\prediction_manifest.csv,6.0
review_00016,example_00023,grain,test,Output 00016,4,2,3,2,3,3,maybe,,residual_ddpm_v1_full_test_50_steps,outputs\predictions\residual_ddpm_v1_full_test_50steps\residual_ddpm_v1_full_test_50_steps\example_00023_grain_residual_ddpm_v1_full_test_50_steps_prediction.png,outputs\predictions\residual_ddpm_v1_full_test_50steps\prediction_manifest.csv,5.0
review_00017,example_00023,grain,test,Output 00017,4,3,3,3,3,3,no,,conditional_ddpm_v3_splitaware_50_steps,outputs\predictions\conditional_ddpm_v3_splitaware_50steps\conditional_ddpm_v3_splitaware_50_steps\example_00023_grain_conditional_ddpm_v3_splitaware_50_steps_prediction.png,outputs\predictions\conditional_ddpm_v3_splitaware_50steps\prediction_manifest.csv,5.0
review_00018,example_00023,grain,test,Output 00018,2,3,3,2,2,2,no,,residual_ddpm_v1_conservative_test_50_steps,outputs\predictions\residual_ddpm_v1_conservative_test_50steps\residual_ddpm_v1_conservative_test_50_steps\example_00023_grain_residual_ddpm_v1_conservative_test_50_steps_prediction.png,outputs\predictions\residual_ddpm_v1_conservative_test_50steps\prediction_manifest.csv,4.0
review_00019,example_00023,grain,test,Output 00019,4,3,3,2,1,3,maybe,,conditional_ddpm_v1_100_steps,outputs\predictions\conditional_ddpm_nosferatu_v1_100steps\conditional_ddpm_v1_100_steps\example_00023_grain_conditional_ddpm_v1_100_steps_prediction.png,outputs\predictions\conditional_ddpm_nosferatu_v1_100steps\prediction_manifest.csv,6.5
review_00020,example_00023,grain,test,Output 00020,4,4,3,2,1,4,yes,,conditional_ddpm_v1_50_steps,outputs\predictions\conditional_ddpm_nosferatu_v1_50steps\conditional_ddpm_v1_50_steps\example_00023_grain_conditional_ddpm_v1_50_steps_prediction.png,outputs\predictions\conditional_ddpm_nosferatu_v1_50steps\prediction_manifest.csv,8.0
review_00021,example_00123,blur_contrast,test,Output 00021,4,3,3,3,2,3,maybe,,conditional_ddpm_v1_50_steps,outputs\predictions\conditional_ddpm_nosferatu_v1_50steps\conditional_ddpm_v1_50_steps\example_00123_blur_contrast_conditional_ddpm_v1_50_steps_prediction.png,outputs\predictions\conditional_ddpm_nosferatu_v1_50steps\prediction_manifest.csv,5.5
review_00022,example_00123,blur_contrast,test,Output 00022,4,4,4,2,2,4,yes,,conditional_ddpm_v1_100_steps,outputs\predictions\conditional_ddpm_nosferatu_v1_100steps\conditional_ddpm_v1_100_steps\example_00123_blur_contrast_conditional_ddpm_v1_100_steps_prediction.png,outputs\predictions\conditional_ddpm_nosferatu_v1_100steps\prediction_manifest.csv,8.0
review_00023,example_00123,blur_contrast,test,Output 00023,3,2,3,4,3,3,no,,residual_ddpm_v1_conservative_test_50_steps,outputs\predictions\residual_ddpm_v1_conservative_test_50steps\residual_ddpm_v1_conservative_test_50_steps\example_00123_blur_contrast_residual_ddpm_v1_conservative_test_50_steps_prediction.png,outputs\predictions\residual_ddpm_v1_conservative_test_50steps\prediction_manifest.csv,3.5
review_00024,example_00123,blur_contrast,test,Output 00024,2,2,3,3,1,3,no,,residual_ddpm_v1_full_test_50_steps,outputs\predictions\residual_ddpm_v1_full_test_50steps\residual_ddpm_v1_full_test_50_steps\example_00123_blur_contrast_residual_ddpm_v1_full_test_50_steps_prediction.png,outputs\predictions\residual_ddpm_v1_full_test_50steps\prediction_manifest.csv,4.5
review_00025,example_00123,blur_contrast,test,Output 00025,3,3,2,3,2,3,no,,conditional_ddpm_v3_splitaware_50_steps,outputs\predictions\conditional_ddpm_v3_splitaware_50steps\conditional_ddpm_v3_splitaware_50_steps\example_00123_blur_contrast_conditional_ddpm_v3_splitaware_50_steps_prediction.png,outputs\predictions\conditional_ddpm_v3_splitaware_50steps\prediction_manifest.csv,4.5
review_00026,example_00046,scratch_dust,test,Output 00026,1,3,3,2,2,2,no,,residual_ddpm_v1_conservative_test_50_steps,outputs\predictions\residual_ddpm_v1_conservative_test_50steps\residual_ddpm_v1_conservative_test_50_steps\example_00046_scratch_dust_residual_ddpm_v1_conservative_test_50_steps_prediction.png,outputs\predictions\residual_ddpm_v1_conservative_test_50steps\prediction_manifest.csv,3.5
review_00027,example_00046,scratch_dust,test,Output 00027,5,3,4,3,2,4,yes,,conditional_ddpm_v1_100_steps,outputs\predictions\conditional_ddpm_nosferatu_v1_100steps\conditional_ddpm_v1_100_steps\example_00046_scratch_dust_conditional_ddpm_v1_100_steps_prediction.png,outputs\predictions\conditional_ddpm_nosferatu_v1_100steps\prediction_manifest.csv,7.5
review_00028,example_00046,scratch_dust,test,Output 00028,4,3,4,2,2,4,yes,,conditional_ddpm_v1_50_steps,outputs\predictions\conditional_ddpm_nosferatu_v1_50steps\conditional_ddpm_v1_50_steps\example_00046_scratch_dust_conditional_ddpm_v1_50_steps_prediction.png,outputs\predictions\conditional_ddpm_nosferatu_v1_50steps\prediction_manifest.csv,7.5
review_00029,example_00046,scratch_dust,test,Output 00029,2,3,3,3,2,2,no,,residual_ddpm_v1_full_test_50_steps,outputs\predictions\residual_ddpm_v1_full_test_50steps\residual_ddpm_v1_full_test_50_steps\example_00046_scratch_dust_residual_ddpm_v1_full_test_50_steps_prediction.png,outputs\predictions\residual_ddpm_v1_full_test_50steps\prediction_manifest.csv,3.5
review_00030,example_00046,scratch_dust,test,Output 00030,2,3,2,3,2,2,no,,conditional_ddpm_v3_splitaware_50_steps,outputs\predictions\conditional_ddpm_v3_splitaware_50steps\conditional_ddpm_v3_splitaware_50_steps\example_00046_scratch_dust_conditional_ddpm_v3_splitaware_50_steps_prediction.png,outputs\predictions\conditional_ddpm_v3_splitaware_50steps\prediction_manifest.csv,3.0
review_00031,example_00045,blur_contrast,test,Output 00031,4,4,3,3,2,4,yes,,residual_ddpm_v1_conservative_test_50_steps,outputs\predictions\residual_ddpm_v1_conservative_test_50steps\residual_ddpm_v1_conservative_test_50_steps\example_00045_blur_contrast_residual_ddpm_v1_conservative_test_50_steps_prediction.png,outputs\predictions\residual_ddpm_v1_conservative_test_50steps\prediction_manifest.csv,7.0
review_00032,example_00045,blur_contrast,test,Output 00032,5,4,5,2,2,5,yes,,conditional_ddpm_v1_100_steps,outputs\predictions\conditional_ddpm_nosferatu_v1_100steps\conditional_ddpm_v1_100_steps\example_00045_blur_contrast_conditional_ddpm_v1_100_steps_prediction.png,outputs\predictions\conditional_ddpm_nosferatu_v1_100steps\prediction_manifest.csv,10.0
review_00033,example_00045,blur_contrast,test,Output 00033,4,4,4,2,2,4,yes,,conditional_ddpm_v1_50_steps,outputs\predictions\conditional_ddpm_nosferatu_v1_50steps\conditional_ddpm_v1_50_steps\example_00045_blur_contrast_conditional_ddpm_v1_50_steps_prediction.png,outputs\predictions\conditional_ddpm_nosferatu_v1_50steps\prediction_manifest.csv,8.0
review_00034,example_00045,blur_contrast,test,Output 00034,4,3,3,3,2,3,no,,residual_ddpm_v1_full_test_50_steps,outputs\predictions\residual_ddpm_v1_full_test_50steps\residual_ddpm_v1_full_test_50_steps\example_00045_blur_contrast_residual_ddpm_v1_full_test_50_steps_prediction.png,outputs\predictions\residual_ddpm_v1_full_test_50steps\prediction_manifest.csv,5.5
review_00035,example_00045,blur_contrast,test,Output 00035,3,4,2,3,2,3,maybe,,conditional_ddpm_v3_splitaware_50_steps,outputs\predictions\conditional_ddpm_v3_splitaware_50steps\conditional_ddpm_v3_splitaware_50_steps\example_00045_blur_contrast_conditional_ddpm_v3_splitaware_50_steps_prediction.png,outputs\predictions\conditional_ddpm_v3_splitaware_50steps\prediction_manifest.csv,5.0
review_00036,example_00043,scratch_dust,test,Output 00036,1,3,3,2,3,1,no,,residual_ddpm_v1_conservative_test_50_steps,outputs\predictions\residual_ddpm_v1_conservative_test_50steps\residual_ddpm_v1_conservative_test_50_steps\example_00043_scratch_dust_residual_ddpm_v1_conservative_test_50_steps_prediction.png,outputs\predictions\residual_ddpm_v1_conservative_test_50steps\prediction_manifest.csv,2.0
review_00037,example_00043,scratch_dust,test,Output 00037,3,2,3,3,3,2,no,,conditional_ddpm_v1_100_steps,outputs\predictions\conditional_ddpm_nosferatu_v1_100steps\conditional_ddpm_v1_100_steps\example_00043_scratch_dust_conditional_ddpm_v1_100_steps_prediction.png,outputs\predictions\conditional_ddpm_nosferatu_v1_100steps\prediction_manifest.csv,3.0
review_00038,example_00043,scratch_dust,test,Output 00038,2,2,2,3,3,2,no,,conditional_ddpm_v3_splitaware_50_steps,outputs\predictions\conditional_ddpm_v3_splitaware_50steps\conditional_ddpm_v3_splitaware_50_steps\example_00043_scratch_dust_conditional_ddpm_v3_splitaware_50_steps_prediction.png,outputs\predictions\conditional_ddpm_v3_splitaware_50steps\prediction_manifest.csv,2.0
review_00039,example_00043,scratch_dust,test,Output 00039,2,2,2,4,3,1,no,,residual_ddpm_v1_full_test_50_steps,outputs\predictions\residual_ddpm_v1_full_test_50steps\residual_ddpm_v1_full_test_50_steps\example_00043_scratch_dust_residual_ddpm_v1_full_test_50_steps_prediction.png,outputs\predictions\residual_ddpm_v1_full_test_50steps\prediction_manifest.csv,0.5
review_00040,example_00043,scratch_dust,test,Output 00040,4,4,3,3,2,3,maybe,,conditional_ddpm_v1_50_steps,outputs\predictions\conditional_ddpm_nosferatu_v1_50steps\conditional_ddpm_v1_50_steps\example_00043_scratch_dust_conditional_ddpm_v1_50_steps_prediction.png,outputs\predictions\conditional_ddpm_nosferatu_v1_50steps\prediction_manifest.csv,6.0
review_00041,example_00024,blur_contrast,test,Output 00041,3,3,3,3,1,3,no,,conditional_ddpm_v1_50_steps,outputs\predictions\conditional_ddpm_nosferatu_v1_50steps\conditional_ddpm_v1_50_steps\example_00024_blur_contrast_conditional_ddpm_v1_50_steps_prediction.png,outputs\predictions\conditional_ddpm_nosferatu_v1_50steps\prediction_manifest.csv,5.5
review_00042,example_00024,blur_contrast,test,Output 00042,3,3,4,2,3,3,no,,conditional_ddpm_v1_100_steps,outputs\predictions\conditional_ddpm_nosferatu_v1_100steps\conditional_ddpm_v1_100_steps\example_00024_blur_contrast_conditional_ddpm_v1_100_steps_prediction.png,outputs\predictions\conditional_ddpm_nosferatu_v1_100steps\prediction_manifest.csv,5.5
review_00043,example_00024,blur_contrast,test,Output 00043,3,2,2,3,2,2,no,,conditional_ddpm_v3_splitaware_50_steps,outputs\predictions\conditional_ddpm_v3_splitaware_50steps\conditional_ddpm_v3_splitaware_50_steps\example_00024_blur_contrast_conditional_ddpm_v3_splitaware_50_steps_prediction.png,outputs\predictions\conditional_ddpm_v3_splitaware_50steps\prediction_manifest.csv,3.0
review_00044,example_00024,blur_contrast,test,Output 00044,4,4,3,1,1,4,yes,,residual_ddpm_v1_full_test_50_steps,outputs\predictions\residual_ddpm_v1_full_test_50steps\residual_ddpm_v1_full_test_50_steps\example_00024_blur_contrast_residual_ddpm_v1_full_test_50_steps_prediction.png,outputs\predictions\residual_ddpm_v1_full_test_50steps\prediction_manifest.csv,8.5
review_00045,example_00024,blur_contrast,test,Output 00045,4,3,3,2,1,4,yes,,residual_ddpm_v1_conservative_test_50_steps,outputs\predictions\residual_ddpm_v1_conservative_test_50steps\residual_ddpm_v1_conservative_test_50_steps\example_00024_blur_contrast_residual_ddpm_v1_conservative_test_50_steps_prediction.png,outputs\predictions\residual_ddpm_v1_conservative_test_50steps\prediction_manifest.csv,7.5
review_00046,example_00044,grain,test,Output 00046,4,3,3,2,2,3,maybe,,conditional_ddpm_v1_100_steps,outputs\predictions\conditional_ddpm_nosferatu_v1_100steps\conditional_ddpm_v1_100_steps\example_00044_grain_conditional_ddpm_v1_100_steps_prediction.png,outputs\predictions\conditional_ddpm_nosferatu_v1_100steps\prediction_manifest.csv,6.0
review_00047,example_00044,grain,test,Output 00047,3,2,3,3,2,3,no,,residual_ddpm_v1_full_test_50_steps,outputs\predictions\residual_ddpm_v1_full_test_50steps\residual_ddpm_v1_full_test_50_steps\example_00044_grain_residual_ddpm_v1_full_test_50_steps_prediction.png,outputs\predictions\residual_ddpm_v1_full_test_50steps\prediction_manifest.csv,4.5
review_00048,example_00044,grain,test,Output 00048,2,2,3,2,2,2,no,,residual_ddpm_v1_conservative_test_50_steps,outputs\predictions\residual_ddpm_v1_conservative_test_50steps\residual_ddpm_v1_conservative_test_50_steps\example_00044_grain_residual_ddpm_v1_conservative_test_50_steps_prediction.png,outputs\predictions\residual_ddpm_v1_conservative_test_50steps\prediction_manifest.csv,3.5
review_00049,example_00044,grain,test,Output 00049,3,3,2,3,3,2,no,,conditional_ddpm_v1_50_steps,outputs\predictions\conditional_ddpm_nosferatu_v1_50steps\conditional_ddpm_v1_50_steps\example_00044_grain_conditional_ddpm_v1_50_steps_prediction.png,outputs\predictions\conditional_ddpm_nosferatu_v1_50steps\prediction_manifest.csv,3.0
review_00050,example_00044,grain,test,Output 00050,3,2,3,3,3,3,maybe,,conditional_ddpm_v3_splitaware_50_steps,outputs\predictions\conditional_ddpm_v3_splitaware_50steps\conditional_ddpm_v3_splitaware_50_steps\example_00044_grain_conditional_ddpm_v3_splitaware_50_steps_prediction.png,outputs\predictions\conditional_ddpm_v3_splitaware_50steps\prediction_manifest.csv,4.0
review_00051,example_00053,grain,test,Output 00051,3,4,4,2,2,3,maybe,,residual_ddpm_v1_conservative_test_50_steps,outputs\predictions\residual_ddpm_v1_conservative_test_50steps\residual_ddpm_v1_conservative_test_50_steps\example_00053_grain_residual_ddpm_v1_conservative_test_50_steps_prediction.png,outputs\predictions\residual_ddpm_v1_conservative_test_50steps\prediction_manifest.csv,6.5
review_00052,example_00053,grain,test,Output 00052,5,3,3,2,2,4,yes,,conditional_ddpm_v1_100_steps,outputs\predictions\conditional_ddpm_nosferatu_v1_100steps\conditional_ddpm_v1_100_steps\example_00053_grain_conditional_ddpm_v1_100_steps_prediction.png,outputs\predictions\conditional_ddpm_nosferatu_v1_100steps\prediction_manifest.csv,7.5
review_00053,example_00053,grain,test,Output 00053,5,4,2,2,3,4,yes,,conditional_ddpm_v3_splitaware_50_steps,outputs\predictions\conditional_ddpm_v3_splitaware_50steps\conditional_ddpm_v3_splitaware_50_steps\example_00053_grain_conditional_ddpm_v3_splitaware_50_steps_prediction.png,outputs\predictions\conditional_ddpm_v3_splitaware_50steps\prediction_manifest.csv,7.0
review_00054,example_00053,grain,test,Output 00054,5,2,2,4,2,2,no,,residual_ddpm_v1_full_test_50_steps,outputs\predictions\residual_ddpm_v1_full_test_50steps\residual_ddpm_v1_full_test_50_steps\example_00053_grain_residual_ddpm_v1_full_test_50_steps_prediction.png,outputs\predictions\residual_ddpm_v1_full_test_50steps\prediction_manifest.csv,3.5
review_00055,example_00053,grain,test,Output 00055,5,4,4,2,2,4,yes,,conditional_ddpm_v1_50_steps,outputs\predictions\conditional_ddpm_nosferatu_v1_50steps\conditional_ddpm_v1_50_steps\example_00053_grain_conditional_ddpm_v1_50_steps_prediction.png,outputs\predictions\conditional_ddpm_nosferatu_v1_50steps\prediction_manifest.csv,8.5
review_00056,example_00025,scratch_dust,test,Output 00056,5,3,3,2,4,3,no,,conditional_ddpm_v1_50_steps,outputs\predictions\conditional_ddpm_nosferatu_v1_50steps\conditional_ddpm_v1_50_steps\example_00025_scratch_dust_conditional_ddpm_v1_50_steps_prediction.png,outputs\predictions\conditional_ddpm_nosferatu_v1_50steps\prediction_manifest.csv,5.5
review_00057,example_00025,scratch_dust,test,Output 00057,4,3,4,3,3,2,no,,residual_ddpm_v1_full_test_50_steps,outputs\predictions\residual_ddpm_v1_full_test_50steps\residual_ddpm_v1_full_test_50_steps\example_00025_scratch_dust_residual_ddpm_v1_full_test_50_steps_prediction.png,outputs\predictions\residual_ddpm_v1_full_test_50steps\prediction_manifest.csv,4.5
review_00058,example_00025,scratch_dust,test,Output 00058,2,3,4,2,3,2,no,,residual_ddpm_v1_conservative_test_50_steps,outputs\predictions\residual_ddpm_v1_conservative_test_50steps\residual_ddpm_v1_conservative_test_50_steps\example_00025_scratch_dust_residual_ddpm_v1_conservative_test_50_steps_prediction.png,outputs\predictions\residual_ddpm_v1_conservative_test_50steps\prediction_manifest.csv,4.0
review_00059,example_00025,scratch_dust,test,Output 00059,3,3,3,3,4,3,no,,conditional_ddpm_v3_splitaware_50_steps,outputs\predictions\conditional_ddpm_v3_splitaware_50steps\conditional_ddpm_v3_splitaware_50_steps\example_00025_scratch_dust_conditional_ddpm_v3_splitaware_50_steps_prediction.png,outputs\predictions\conditional_ddpm_v3_splitaware_50steps\prediction_manifest.csv,4.0
review_00060,example_00025,scratch_dust,test,Output 00060,5,4,4,2,4,4,yes,,conditional_ddpm_v1_100_steps,outputs\predictions\conditional_ddpm_nosferatu_v1_100steps\conditional_ddpm_v1_100_steps\example_00025_scratch_dust_conditional_ddpm_v1_100_steps_prediction.png,outputs\predictions\conditional_ddpm_nosferatu_v1_100steps\prediction_manifest.csv,7.5
review_00061,example_00004,scratch_dust,test,Output 00061,1,3,3,2,2,1,no,,residual_ddpm_v1_conservative_test_50_steps,outputs\predictions\residual_ddpm_v1_conservative_test_50steps\residual_ddpm_v1_conservative_test_50_steps\example_00004_scratch_dust_residual_ddpm_v1_conservative_test_50_steps_prediction.png,outputs\predictions\residual_ddpm_v1_conservative_test_50steps\prediction_manifest.csv,2.5
review_00062,example_00004,scratch_dust,test,Output 00062,2,2,2,3,3,2,no,,conditional_ddpm_v3_splitaware_50_steps,outputs\predictions\conditional_ddpm_v3_splitaware_50steps\conditional_ddpm_v3_splitaware_50_steps\example_00004_scratch_dust_conditional_ddpm_v3_splitaware_50_steps_prediction.png,outputs\predictions\conditional_ddpm_v3_splitaware_50steps\prediction_manifest.csv,2.0
review_00063,example_00004,scratch_dust,test,Output 00063,3,3,2,3,3,2,no,,conditional_ddpm_v1_100_steps,outputs\predictions\conditional_ddpm_nosferatu_v1_100steps\conditional_ddpm_v1_100_steps\example_00004_scratch_dust_conditional_ddpm_v1_100_steps_prediction.png,outputs\predictions\conditional_ddpm_nosferatu_v1_100steps\prediction_manifest.csv,3.0
review_00064,example_00004,scratch_dust,test,Output 00064,2,3,2,3,3,2,no,,residual_ddpm_v1_full_test_50_steps,outputs\predictions\residual_ddpm_v1_full_test_50steps\residual_ddpm_v1_full_test_50_steps\example_00004_scratch_dust_residual_ddpm_v1_full_test_50_steps_prediction.png,outputs\predictions\residual_ddpm_v1_full_test_50steps\prediction_manifest.csv,2.5
review_00065,example_00004,scratch_dust,test,Output 00065,3,3,3,2,3,3,maybe,,conditional_ddpm_v1_50_steps,outputs\predictions\conditional_ddpm_nosferatu_v1_50steps\conditional_ddpm_v1_50_steps\example_00004_scratch_dust_conditional_ddpm_v1_50_steps_prediction.png,outputs\predictions\conditional_ddpm_nosferatu_v1_50steps\prediction_manifest.csv,5.0
review_00066,example_00048,blur_contrast,test,Output 00066,5,4,4,2,2,4,yes,,residual_ddpm_v1_full_test_50_steps,outputs\predictions\residual_ddpm_v1_full_test_50steps\residual_ddpm_v1_full_test_50_steps\example_00048_blur_contrast_residual_ddpm_v1_full_test_50_steps_prediction.png,outputs\predictions\residual_ddpm_v1_full_test_50steps\prediction_manifest.csv,8.5
review_00067,example_00048,blur_contrast,test,Output 00067,5,4,4,2,2,4,yes,,residual_ddpm_v1_conservative_test_50_steps,outputs\predictions\residual_ddpm_v1_conservative_test_50steps\residual_ddpm_v1_conservative_test_50_steps\example_00048_blur_contrast_residual_ddpm_v1_conservative_test_50_steps_prediction.png,outputs\predictions\residual_ddpm_v1_conservative_test_50steps\prediction_manifest.csv,8.5
review_00068,example_00048,blur_contrast,test,Output 00068,4,3,3,2,2,4,maybe,,conditional_ddpm_v3_splitaware_50_steps,outputs\predictions\conditional_ddpm_v3_splitaware_50steps\conditional_ddpm_v3_splitaware_50_steps\example_00048_blur_contrast_conditional_ddpm_v3_splitaware_50_steps_prediction.png,outputs\predictions\conditional_ddpm_v3_splitaware_50steps\prediction_manifest.csv,7.0
review_00069,example_00048,blur_contrast,test,Output 00069,4,3,3,3,2,4,maybe,,conditional_ddpm_v1_100_steps,outputs\predictions\conditional_ddpm_nosferatu_v1_100steps\conditional_ddpm_v1_100_steps\example_00048_blur_contrast_conditional_ddpm_v1_100_steps_prediction.png,outputs\predictions\conditional_ddpm_nosferatu_v1_100steps\prediction_manifest.csv,6.5
review_00070,example_00048,blur_contrast,test,Output 00070,4,3,3,3,2,4,maybe,,conditional_ddpm_v1_50_steps,outputs\predictions\conditional_ddpm_nosferatu_v1_50steps\conditional_ddpm_v1_50_steps\example_00048_blur_contrast_conditional_ddpm_v1_50_steps_prediction.png,outputs\predictions\conditional_ddpm_nosferatu_v1_50steps\prediction_manifest.csv,6.5
review_00071,example_00054,blur_contrast,test,Output 00071,3,2,3,2,2,3,maybe,,residual_ddpm_v1_conservative_test_50_steps,outputs\predictions\residual_ddpm_v1_conservative_test_50steps\residual_ddpm_v1_conservative_test_50_steps\example_00054_blur_contrast_residual_ddpm_v1_conservative_test_50_steps_prediction.png,outputs\predictions\residual_ddpm_v1_conservative_test_50steps\prediction_manifest.csv,5.0
review_00072,example_00054,blur_contrast,test,Output 00072,3,2,3,3,2,3,maybe,,residual_ddpm_v1_full_test_50_steps,outputs\predictions\residual_ddpm_v1_full_test_50steps\residual_ddpm_v1_full_test_50_steps\example_00054_blur_contrast_residual_ddpm_v1_full_test_50_steps_prediction.png,outputs\predictions\residual_ddpm_v1_full_test_50steps\prediction_manifest.csv,4.5
review_00073,example_00054,blur_contrast,test,Output 00073,3,3,3,3,2,4,maybe,,conditional_ddpm_v1_100_steps,outputs\predictions\conditional_ddpm_nosferatu_v1_100steps\conditional_ddpm_v1_100_steps\example_00054_blur_contrast_conditional_ddpm_v1_100_steps_prediction.png,outputs\predictions\conditional_ddpm_nosferatu_v1_100steps\prediction_manifest.csv,6.0
review_00074,example_00054,blur_contrast,test,Output 00074,3,3,3,3,2,3,maybe,,conditional_ddpm_v1_50_steps,outputs\predictions\conditional_ddpm_nosferatu_v1_50steps\conditional_ddpm_v1_50_steps\example_00054_blur_contrast_conditional_ddpm_v1_50_steps_prediction.png,outputs\predictions\conditional_ddpm_nosferatu_v1_50steps\prediction_manifest.csv,5.0
review_00075,example_00054,blur_contrast,test,Output 00075,3,3,3,3,2,3,maybe,,conditional_ddpm_v3_splitaware_50_steps,outputs\predictions\conditional_ddpm_v3_splitaware_50steps\conditional_ddpm_v3_splitaware_50_steps\example_00054_blur_contrast_conditional_ddpm_v3_splitaware_50_steps_prediction.png,outputs\predictions\conditional_ddpm_v3_splitaware_50steps\prediction_manifest.csv,5.0
review_00076,example_00022,scratch_dust,test,Output 00076,2,3,4,2,2,1,no,,residual_ddpm_v1_conservative_test_50_steps,outputs\predictions\residual_ddpm_v1_conservative_test_50steps\residual_ddpm_v1_conservative_test_50_steps\example_00022_scratch_dust_residual_ddpm_v1_conservative_test_50_steps_prediction.png,outputs\predictions\residual_ddpm_v1_conservative_test_50steps\prediction_manifest.csv,3.5
review_00077,example_00022,scratch_dust,test,Output 00077,2,3,3,4,4,1,no,,conditional_ddpm_v1_100_steps,outputs\predictions\conditional_ddpm_nosferatu_v1_100steps\conditional_ddpm_v1_100_steps\example_00022_scratch_dust_conditional_ddpm_v1_100_steps_prediction.png,outputs\predictions\conditional_ddpm_nosferatu_v1_100steps\prediction_manifest.csv,1.0
review_00078,example_00022,scratch_dust,test,Output 00078,3,2,3,5,4,1,no,,conditional_ddpm_v3_splitaware_50_steps,outputs\predictions\conditional_ddpm_v3_splitaware_50steps\conditional_ddpm_v3_splitaware_50_steps\example_00022_scratch_dust_conditional_ddpm_v3_splitaware_50_steps_prediction.png,outputs\predictions\conditional_ddpm_v3_splitaware_50steps\prediction_manifest.csv,0.5
review_00079,example_00022,scratch_dust,test,Output 00079,3,2,3,4,5,1,no,,conditional_ddpm_v1_50_steps,outputs\predictions\conditional_ddpm_nosferatu_v1_50steps\conditional_ddpm_v1_50_steps\example_00022_scratch_dust_conditional_ddpm_v1_50_steps_prediction.png,outputs\predictions\conditional_ddpm_nosferatu_v1_50steps\prediction_manifest.csv,0.5
review_00080,example_00022,scratch_dust,test,Output 00080,3,2,2,3,2,3,maybe,,residual_ddpm_v1_full_test_50_steps,outputs\predictions\residual_ddpm_v1_full_test_50steps\residual_ddpm_v1_full_test_50_steps\example_00022_scratch_dust_residual_ddpm_v1_full_test_50_steps_prediction.png,outputs\predictions\residual_ddpm_v1_full_test_50steps\prediction_manifest.csv,4.0
review_00081,example_00122,grain,test,Output 00081,4,2,2,5,5,1,no,,conditional_ddpm_v1_50_steps,outputs\predictions\conditional_ddpm_nosferatu_v1_50steps\conditional_ddpm_v1_50_steps\example_00122_grain_conditional_ddpm_v1_50_steps_prediction.png,outputs\predictions\conditional_ddpm_nosferatu_v1_50steps\prediction_manifest.csv,0.0
review_00082,example_00122,grain,test,Output 00082,3,2,2,3,3,2,no,,residual_ddpm_v1_conservative_test_50_steps,outputs\predictions\residual_ddpm_v1_conservative_test_50steps\residual_ddpm_v1_conservative_test_50_steps\example_00122_grain_residual_ddpm_v1_conservative_test_50_steps_prediction.png,outputs\predictions\residual_ddpm_v1_conservative_test_50steps\prediction_manifest.csv,2.5
review_00083,example_00122,grain,test,Output 00083,4,3,2,4,2,3,no,,conditional_ddpm_v3_splitaware_50_steps,outputs\predictions\conditional_ddpm_v3_splitaware_50steps\conditional_ddpm_v3_splitaware_50_steps\example_00122_grain_conditional_ddpm_v3_splitaware_50_steps_prediction.png,outputs\predictions\conditional_ddpm_v3_splitaware_50steps\prediction_manifest.csv,4.5
review_00084,example_00122,grain,test,Output 00084,4,3,3,3,3,3,maybe,,conditional_ddpm_v1_100_steps,outputs\predictions\conditional_ddpm_nosferatu_v1_100steps\conditional_ddpm_v1_100_steps\example_00122_grain_conditional_ddpm_v1_100_steps_prediction.png,outputs\predictions\conditional_ddpm_nosferatu_v1_100steps\prediction_manifest.csv,5.0
review_00085,example_00122,grain,test,Output 00085,4,3,2,3,3,3,maybe,,residual_ddpm_v1_full_test_50_steps,outputs\predictions\residual_ddpm_v1_full_test_50steps\residual_ddpm_v1_full_test_50_steps\example_00122_grain_residual_ddpm_v1_full_test_50_steps_prediction.png,outputs\predictions\residual_ddpm_v1_full_test_50steps\prediction_manifest.csv,4.5
review_00086,example_00047,grain,test,Output 00086,3,2,2,4,4,3,no,,conditional_ddpm_v1_50_steps,outputs\predictions\conditional_ddpm_nosferatu_v1_50steps\conditional_ddpm_v1_50_steps\example_00047_grain_conditional_ddpm_v1_50_steps_prediction.png,outputs\predictions\conditional_ddpm_nosferatu_v1_50steps\prediction_manifest.csv,2.5
review_00087,example_00047,grain,test,Output 00087,5,3,3,2,4,3,maybe,,residual_ddpm_v1_full_test_50_steps,outputs\predictions\residual_ddpm_v1_full_test_50steps\residual_ddpm_v1_full_test_50_steps\example_00047_grain_residual_ddpm_v1_full_test_50_steps_prediction.png,outputs\predictions\residual_ddpm_v1_full_test_50steps\prediction_manifest.csv,5.5
review_00088,example_00047,grain,test,Output 00088,4,2,2,3,2,2,no,,conditional_ddpm_v3_splitaware_50_steps,outputs\predictions\conditional_ddpm_v3_splitaware_50steps\conditional_ddpm_v3_splitaware_50_steps\example_00047_grain_conditional_ddpm_v3_splitaware_50_steps_prediction.png,outputs\predictions\conditional_ddpm_v3_splitaware_50steps\prediction_manifest.csv,3.5
review_00089,example_00047,grain,test,Output 00089,2,2,2,2,2,2,no,,residual_ddpm_v1_conservative_test_50_steps,outputs\predictions\residual_ddpm_v1_conservative_test_50steps\residual_ddpm_v1_conservative_test_50_steps\example_00047_grain_residual_ddpm_v1_conservative_test_50_steps_prediction.png,outputs\predictions\residual_ddpm_v1_conservative_test_50steps\prediction_manifest.csv,3.0
review_00090,example_00047,grain,test,Output 00090,3,2,2,4,5,1,no,,conditional_ddpm_v1_100_steps,outputs\predictions\conditional_ddpm_nosferatu_v1_100steps\conditional_ddpm_v1_100_steps\example_00047_grain_conditional_ddpm_v1_100_steps_prediction.png,outputs\predictions\conditional_ddpm_nosferatu_v1_100steps\prediction_manifest.csv,0.0
review_00091,example_00006,blur_contrast,test,Output 00091,3,3,2,4,2,2,no,,conditional_ddpm_v1_100_steps,outputs\predictions\conditional_ddpm_nosferatu_v1_100steps\conditional_ddpm_v1_100_steps\example_00006_blur_contrast_conditional_ddpm_v1_100_steps_prediction.png,outputs\predictions\conditional_ddpm_nosferatu_v1_100steps\prediction_manifest.csv,3.0
review_00092,example_00006,blur_contrast,test,Output 00092,3,3,2,4,2,2,no,,conditional_ddpm_v3_splitaware_50_steps,outputs\predictions\conditional_ddpm_v3_splitaware_50steps\conditional_ddpm_v3_splitaware_50_steps\example_00006_blur_contrast_conditional_ddpm_v3_splitaware_50_steps_prediction.png,outputs\predictions\conditional_ddpm_v3_splitaware_50steps\prediction_manifest.csv,3.0
review_00093,example_00006,blur_contrast,test,Output 00093,3,3,2,3,2,2,no,,conditional_ddpm_v1_50_steps,outputs\predictions\conditional_ddpm_nosferatu_v1_50steps\conditional_ddpm_v1_50_steps\example_00006_blur_contrast_conditional_ddpm_v1_50_steps_prediction.png,outputs\predictions\conditional_ddpm_nosferatu_v1_50steps\prediction_manifest.csv,3.5
review_00094,example_00006,blur_contrast,test,Output 00094,3,3,3,3,2,3,no,,residual_ddpm_v1_conservative_test_50_steps,outputs\predictions\residual_ddpm_v1_conservative_test_50steps\residual_ddpm_v1_conservative_test_50_steps\example_00006_blur_contrast_residual_ddpm_v1_conservative_test_50_steps_prediction.png,outputs\predictions\residual_ddpm_v1_conservative_test_50steps\prediction_manifest.csv,5.0
review_00095,example_00006,blur_contrast,test,Output 00095,4,4,3,3,1,4,maybe,,residual_ddpm_v1_full_test_50_steps,outputs\predictions\residual_ddpm_v1_full_test_50steps\residual_ddpm_v1_full_test_50_steps\example_00006_blur_contrast_residual_ddpm_v1_full_test_50_steps_prediction.png,outputs\predictions\residual_ddpm_v1_full_test_50steps\prediction_manifest.csv,7.5
review_00096,example_00027,blur_contrast,test,Output 00096,2,2,2,3,2,2,no,,residual_ddpm_v1_conservative_test_50_steps,outputs\predictions\residual_ddpm_v1_conservative_test_50steps\residual_ddpm_v1_conservative_test_50_steps\example_00027_blur_contrast_residual_ddpm_v1_conservative_test_50_steps_prediction.png,outputs\predictions\residual_ddpm_v1_conservative_test_50steps\prediction_manifest.csv,2.5
review_00097,example_00027,blur_contrast,test,Output 00097,3,3,3,2,2,3,maybe,,conditional_ddpm_v3_splitaware_50_steps,outputs\predictions\conditional_ddpm_v3_splitaware_50steps\conditional_ddpm_v3_splitaware_50_steps\example_00027_blur_contrast_conditional_ddpm_v3_splitaware_50_steps_prediction.png,outputs\predictions\conditional_ddpm_v3_splitaware_50steps\prediction_manifest.csv,5.5
review_00098,example_00027,blur_contrast,test,Output 00098,4,4,4,1,2,4,yes,,conditional_ddpm_v1_50_steps,outputs\predictions\conditional_ddpm_nosferatu_v1_50steps\conditional_ddpm_v1_50_steps\example_00027_blur_contrast_conditional_ddpm_v1_50_steps_prediction.png,outputs\predictions\conditional_ddpm_nosferatu_v1_50steps\prediction_manifest.csv,8.5
review_00099,example_00027,blur_contrast,test,Output 00099,4,3,3,3,3,3,maybe,,residual_ddpm_v1_full_test_50_steps,outputs\predictions\residual_ddpm_v1_full_test_50steps\residual_ddpm_v1_full_test_50_steps\example_00027_blur_contrast_residual_ddpm_v1_full_test_50_steps_prediction.png,outputs\predictions\residual_ddpm_v1_full_test_50steps\prediction_manifest.csv,5.0
review_00100,example_00027,blur_contrast,test,Output 00100,4,3,2,3,3,3,no,,conditional_ddpm_v1_100_steps,outputs\predictions\conditional_ddpm_nosferatu_v1_100steps\conditional_ddpm_v1_100_steps\example_00027_blur_contrast_conditional_ddpm_v1_100_steps_prediction.png,outputs\predictions\conditional_ddpm_nosferatu_v1_100steps\prediction_manifest.csv,4.5
review_00101,example_00005,grain,test,Output 00101,3,4,3,3,2,4,maybe,,conditional_ddpm_v1_50_steps,outputs\predictions\conditional_ddpm_nosferatu_v1_50steps\conditional_ddpm_v1_50_steps\example_00005_grain_conditional_ddpm_v1_50_steps_prediction.png,outputs\predictions\conditional_ddpm_nosferatu_v1_50steps\prediction_manifest.csv,6.5
review_00102,example_00005,grain,test,Output 00102,4,3,3,3,3,3,maybe,,conditional_ddpm_v1_100_steps,outputs\predictions\conditional_ddpm_nosferatu_v1_100steps\conditional_ddpm_v1_100_steps\example_00005_grain_conditional_ddpm_v1_100_steps_prediction.png,outputs\predictions\conditional_ddpm_nosferatu_v1_100steps\prediction_manifest.csv,5.0
review_00103,example_00005,grain,test,Output 00103,5,2,3,4,2,3,maybe,,residual_ddpm_v1_full_test_50_steps,outputs\predictions\residual_ddpm_v1_full_test_50steps\residual_ddpm_v1_full_test_50_steps\example_00005_grain_residual_ddpm_v1_full_test_50_steps_prediction.png,outputs\predictions\residual_ddpm_v1_full_test_50steps\prediction_manifest.csv,5.0
review_00104,example_00005,grain,test,Output 00104,2,3,3,2,2,2,no,,residual_ddpm_v1_conservative_test_50_steps,outputs\predictions\residual_ddpm_v1_conservative_test_50steps\residual_ddpm_v1_conservative_test_50_steps\example_00005_grain_residual_ddpm_v1_conservative_test_50_steps_prediction.png,outputs\predictions\residual_ddpm_v1_conservative_test_50steps\prediction_manifest.csv,4.0
review_00105,example_00005,grain,test,Output 00105,3,2,2,3,2,2,no,,conditional_ddpm_v3_splitaware_50_steps,outputs\predictions\conditional_ddpm_v3_splitaware_50steps\conditional_ddpm_v3_splitaware_50_steps\example_00005_grain_conditional_ddpm_v3_splitaware_50_steps_prediction.png,outputs\predictions\conditional_ddpm_v3_splitaware_50steps\prediction_manifest.csv,3.0
